rendapc,anosestudo,idade,mfa,lnrendapc,urbana,homem,perpob
2111112,16,28,0,14.56272507,1,1,0
1087501,4,71,0,13.89939308,1,0,1
462501,11,56,1,13.04440403,1,0,0
675001,17,31,0,13.42246914,1,1,0
1900001,13,49,0,14.45736504,1,0,1
188640,13,70,0,12.14759541,1,1,0
75001,20,63,0,11.22525692,1,1,0
262501,8,52,0,12.47801018,1,1,0
375001,11,44,0,12.83468437,1,1,0
414001,5,70,0,12.93362331,1,1,1
862501,11,69,0,13.66759205,1,1,1
1171457,11,70,0,13.9737587,1,0,0
550001,9,81,0,13.21767521,1,0,0
239001,13,34,0,12.38422298,1,1,0
250001,9,70,0,12.4292202,1,1,1
500001,11,80,0,13.122365,1,1,0
2058334,9,65,0,14.53740788,1,0,0
450001,8,60,0,13.01700497,1,0,0
668084,5,62,0,13.41216946,1,1,0
443955,13,39,0,13.00347805,1,1,0
463334,11,45,0,13.04620361,1,0,0
560009,14,43,0,13.23570824,1,1,0
710001,15,49,0,13.47302151,1,1,0
373334,14,53,0,12.83022881,1,1,0
750126,13,53,0,13.52799606,1,1,0
693890,11,55,0,13.45006847,1,1,1
375001,11,52,0,12.83468437,1,1,0
625001,8,62,0,13.34550858,1,0,0
410118,11,37,0,12.92420006,1,1,0
1450001,16,69,0,14.18707466,1,1,0
1350001,18,36,0,14.11561584,1,1,0
1415201,16,26,0,14.16278172,1,1,0
359501,9,42,0,12.79247189,1,1,1
179376,5,72,0,12.09723949,1,1,1
624418,14,41,0,13.34457493,1,0,0
1207023,14,48,0,14.00366783,1,0,0
525001,15,25,0,13.17115498,1,1,0
1078822,11,51,0,13.89138031,1,1,0
400001,16,29,0,12.89922237,1,0,0
632501,14,20,0,13.35743713,1,0,0
213126,11,45,0,12.26963902,1,1,1
293334,11,39,0,12.58906746,1,0,1
458334,3,77,0,13.03535366,1,0,0
794634,14,58,0,13.58563709,1,1,1
1200834,11,27,0,13.99852657,1,1,0
378534,4,67,0,12.8440609,1,0,0
534029,15,36,0,13.18820572,1,0,0
1153001,13,28,0,13.95787907,1,1,0
718334,8,65,0,13.48468971,1,1,0
250001,14,37,0,12.4292202,1,0,0
137501,6,58,0,11.83138657,1,1,1
460001,11,59,1,13.0389843,1,1,0
122501,11,40,1,11.71587467,1,0,1
880001,9,48,0,13.68767834,1,1,0
259723,3,62,0,12.46737099,1,1,0
760001,9,52,0,13.54107475,1,1,1
611807,5,48,0,13.32417202,1,0,1
306057,5,82,0,12.63152695,1,1,1
445834,9,52,0,13.00770187,1,1,1
633668,14,28,0,13.35928059,1,1,0
445355,11,61,0,13.00662708,1,0,0
2308890,6,72,0,14.65227699,1,0,0
1040001,11,25,0,13.85473251,1,1,0
130001,11,45,0,11.77529716,1,0,1
309216,0,77,0,12.64179516,1,1,0
65001,3,52,0,11.08215809,1,0,1
296668,11,23,0,12.6003685,1,0,0
1744445,16,29,0,14.37194729,1,1,0
645501,0,67,0,13.37778187,1,1,0
470001,0,52,0,13.06048965,1,0,0
297095,11,36,0,12.60180759,1,0,0
369168,8,39,1,12.81900692,1,1,1
333751,4,48,1,12.71815014,1,0,1
259612,16,41,0,12.46694374,1,1,0
612501,9,31,0,13.32530594,1,1,0
434501,11,43,0,12.98195362,1,1,1
196029,0,60,1,12.18601799,1,0,1
166668,11,37,0,12.02375889,1,1,1
903126,17,46,1,13.71361732,1,0,0
80418,11,37,1,11.2949934,1,1,0
344728,14,24,0,12.75051117,1,0,0
334763,0,71,1,12.72117805,1,1,0
391668,12,21,0,12.87817001,1,0,0
800001,4,39,0,13.59236813,1,1,0
349751,11,48,1,12.7649765,1,1,0
221112,1,48,0,12.30642509,1,0,1
421668,0,69,0,12.95197392,1,0,0
150001,3,44,0,11.91839695,1,1,1
222223,2,45,0,12.31143665,1,1,0
300001,11,63,0,12.61154079,1,1,0
270064,0,68,1,12.50641441,1,1,1
375364,5,54,0,12.8356514,1,1,0
118501,14,26,0,11.68267632,1,0,0
157501,3,73,0,11.96718693,1,1,1
304945,12,42,0,12.62788677,1,1,0
1170501,17,32,1,13.97294235,1,1,1
12583334,16,62,0,16.34788322,1,1,1
575001,13,35,0,13.26212692,1,1,0
445834,11,34,0,13.00770187,1,1,0
534584,9,57,0,13.18924427,1,0,0
1235334,13,57,0,14.02685165,1,0,0
2580557,16,37,0,14.76351547,1,1,0
1200001,12,29,0,13.99783325,1,1,0
1800001,16,62,0,14.40329742,0,1,0
1710501,16,62,0,14.35229683,0,1,0
2781334,18,55,0,14.8384409,1,0,0
170001,3,60,0,12.04356003,1,1,1
353551,11,33,1,12.77578259,1,1,0
626668,15,43,0,13.34817219,1,0,0
1100001,16,33,0,13.91082191,1,1,0
380668,13,37,0,12.84968281,1,1,1
344901,5,68,0,12.7510128,1,0,0
78572,8,55,0,11.27177048,1,0,1
560334,12,32,0,13.23628807,1,0,0
778334,14,64,0,13.56491089,1,1,0
283334,13,25,0,12.55438137,1,1,1
567376,13,25,0,13.24877739,1,0,1
800001,6,39,0,13.59236813,1,1,1
70557,11,29,1,11.16417599,1,1,1
50001,5,37,0,10.81979847,1,1,1
500001,4,51,0,13.122365,1,1,1
771014,13,37,0,13.55546188,1,1,0
1100001,13,34,0,13.91082191,1,1,1
1499223,13,50,0,14.22045708,1,1,1
287501,13,38,0,12.56898117,1,1,1
62334,5,38,1,11.04026222,1,1,1
347084,13,36,0,12.75732231,1,1,0
200001,2,45,1,12.20607758,1,1,1
551418,11,39,1,13.22024822,1,1,0
60001,8,39,0,11.0021162,1,1,1
106751,7,37,0,11.5782547,1,1,1
354459,11,49,0,12.77834797,1,1,1
3293751,14,38,0,15.00753784,1,1,0
1200001,5,36,0,13.99783325,1,1,1
741251,5,78,0,13.51609421,1,0,1
368543,0,62,0,12.81731224,1,0,0
182501,4,63,0,12.11451054,1,1,1
500001,0,78,0,13.122365,1,0,0
1286112,2,69,0,14.0671339,1,1,1
1505557,14,37,0,14.22467327,1,1,0
341334,11,41,0,12.7406168,1,0,1
243041,12,40,1,12.40098572,1,0,0
290668,11,52,0,12.57993698,1,1,1
1030543,15,56,0,13.84559631,1,0,1
169001,11,43,0,12.03765965,1,1,0
310001,8,53,0,12.64433098,1,0,0
667668,5,62,0,13.41154671,1,0,1
403334,0,80,0,12.90752029,1,1,1
30001,3,42,0,10.30898571,1,1,1
192268,13,32,1,12.16664505,1,0,1
199501,11,34,1,12.20357418,1,1,0
84057,0,68,1,11.33925056,1,1,1
336029,3,60,1,12.7249527,1,0,1
284668,11,32,1,12.55907917,1,0,1
307501,11,28,1,12.63623333,1,1,0
1,0,52,0,0,1,1,1
183501,0,44,1,12.11997509,1,0,1
400001,11,29,0,12.89922237,1,0,1
1126001,11,21,0,13.93418312,1,1,0
180001,11,24,0,12.10071754,1,1,0
429168,5,55,0,12.96960354,1,1,1
231251,5,51,0,12.35125923,1,1,1
322223,13,40,0,12.68299866,1,0,1
190001,0,87,0,12.1547842,1,1,0
93358,3,59,1,11.4441967,1,1,1
2628334,3,50,1,14.78186035,1,1,1
288501,11,30,1,12.5724535,1,0,0
464168,11,42,1,13.04800224,1,0,1
575001,11,56,0,13.26212692,1,0,1
446668,11,52,0,13.00957108,1,1,1
218043,13,43,1,12.29244804,1,0,1
180001,11,53,0,12.10071754,1,0,1
340001,5,50,0,12.73670387,1,0,0
422501,0,53,0,12.95394707,1,1,1
2145834,5,69,0,14.57903862,1,0,1
650001,3,63,0,13.38472939,1,0,1
323334,8,43,1,12.68644142,1,0,1
145834,0,85,0,11.89022446,1,0,1
182168,5,67,0,12.11268425,1,1,1
801725,4,80,0,13.59452057,1,0,0
171112,11,34,1,12.05007362,1,1,1
359723,7,52,0,12.79308987,1,1,0
355168,7,60,0,12.78034592,1,0,1
569426,11,34,0,13.25238419,1,1,0
401168,8,69,1,12.90213585,1,1,1
768050,14,66,0,13.55160999,1,1,1
322918,8,63,0,12.68515396,1,1,0
628434,13,43,0,13.35098648,1,0,1
355001,1,84,0,12.77987576,1,1,1
166668,13,33,0,12.02375889,1,1,0
850001,2,23,0,13.6529932,1,1,1
849426,16,57,0,13.65231609,1,1,1
433334,3,79,0,12.97926426,1,1,0
350001,5,50,0,12.76569176,1,1,1
322501,12,38,0,12.68386173,1,1,0
188751,8,34,0,12.14818382,1,1,0
477668,9,47,0,13.0766716,1,0,1
450001,11,63,0,13.01700497,1,1,1
355520,11,48,1,12.78133678,1,1,1
240557,5,57,0,12.39071274,1,0,0
42858,4,59,0,10.66564751,1,1,1
875001,1,68,0,13.68198013,1,1,0
507081,16,42,0,13.13642597,1,0,0
1277523,11,34,0,14.06043339,1,1,0
235001,3,62,0,12.36734486,1,1,0
320051,9,53,0,12.6762352,1,1,0
585418,11,54,0,13.28008175,1,1,1
366668,11,57,0,12.81221199,1,1,0
480334,13,42,0,13.08223724,1,1,0
359344,13,44,0,12.7920351,1,0,0
433292,8,61,0,12.97916698,1,1,1
1164584,10,70,0,13.96787453,1,1,0
652876,14,65,0,13.38914204,1,1,0
244668,13,25,1,12.40765762,1,1,0
194793,5,61,0,12.17969227,1,0,0
150001,6,34,0,11.91839695,1,0,1
530001,5,32,0,13.1806345,1,1,0
598334,11,49,0,13.30190468,1,1,0
841043,16,54,0,13.64239788,1,1,0
324126,13,34,1,12.6888876,1,1,0
510418,6,75,0,13.14298534,1,0,1
102951,16,40,0,11.5420084,1,1,0
562468,11,50,0,13.24008942,1,1,1
219445,6,46,0,12.29885674,1,0,1
500001,9,74,0,13.122365,1,1,0
230001,9,63,0,12.34583855,1,1,0
288751,11,44,1,12.57332039,1,1,0
594723,3,47,0,13.29585075,1,1,0
575001,9,44,0,13.26212692,1,1,0
128057,11,43,0,11.76023102,1,0,1
383334,11,55,0,12.8566618,1,1,1
456001,11,55,0,13.03025055,1,1,1
1295834,5,56,0,14.07466507,1,0,0
690001,16,79,0,13.44444847,1,1,0
329543,11,33,0,12.70546246,1,1,1
625001,14,55,0,13.34550858,1,1,0
175281,13,32,1,12.07414532,1,0,1
295001,11,44,0,12.59473419,1,1,0
660001,13,83,0,13.39999676,1,1,0
1150001,8,48,0,13.95527363,1,1,0
437029,12,27,0,12.98775482,1,0,1
886072,11,34,0,13.69455338,1,0,0
187501,7,59,0,12.14153957,1,1,0
150001,14,29,0,11.91839695,1,0,0
600001,9,58,0,13.30468655,1,0,1
749001,11,36,1,13.52649593,1,1,0
361501,2,67,1,12.79802036,1,0,0
136668,5,52,0,11.82530975,1,1,1
304168,2,75,0,12.62533569,1,0,0
50001,7,49,0,10.81979847,1,1,0
603668,11,44,0,13.31077957,1,1,0
475001,5,52,0,13.07107258,1,1,0
155501,3,48,0,11.95440769,1,1,0
1110001,12,30,0,13.91987133,1,0,0
321001,11,37,0,12.67919922,1,1,0
483057,14,28,0,13.08788967,1,1,0
239501,1,68,1,12.38631248,1,1,1
494112,13,32,1,13.1105175,1,1,0
840972,13,45,0,13.64231396,1,1,0
1820834,14,59,0,14.41480541,1,1,0
1166668,11,49,0,13.96966267,1,1,1
700001,11,63,0,13.45883751,1,0,0
766647,0,75,0,13.5497818,1,0,0
366668,3,57,0,12.81221199,1,0,0
887709,13,59,0,13.69639969,1,0,0
2189584,16,46,0,14.59922218,1,0,1
2744445,16,57,0,14.82508945,1,0,0
422801,7,86,0,12.9546566,1,1,0
473612,11,59,0,13.06814384,1,1,0
1126945,16,46,0,13.9350214,1,1,0
1181501,15,41,0,13.98229599,1,0,0
1568168,11,55,0,14.26541901,1,1,0
433982,4,76,1,12.98075867,1,0,0
192501,8,54,0,12.16785622,1,0,1
310364,11,30,0,12.64550114,1,1,0
325251,5,39,0,12.69235229,1,0,1
218612,9,44,1,12.29505348,1,1,0
121072,5,48,1,11.70414066,1,1,1
354984,13,53,0,12.77982807,1,0,0
101168,5,50,1,11.52453804,1,0,0
195834,7,43,0,12.18502235,1,0,1
350001,5,43,0,12.76569176,1,1,0
292001,8,27,1,12.58451271,1,1,0
104001,5,52,1,11.55215549,1,0,1
113168,11,33,1,11.6366291,1,0,0
207858,0,60,0,12.24461079,1,0,1
84001,11,37,0,11.33858395,1,0,0
358751,7,51,1,12.79038429,1,1,0
536001,5,22,0,13.19189167,1,1,0
139001,14,36,0,11.84223652,1,0,0
350001,7,57,0,12.76569176,1,0,0
100406,7,26,0,11.51697731,1,1,0
295001,14,37,1,12.59473419,1,1,1
167739,11,22,1,12.03016472,1,0,0
156668,2,63,0,11.9618845,1,1,0
236176,11,25,0,12.37233257,1,1,0
333826,11,50,0,12.71837521,1,0,0
1278434,14,22,0,14.06114674,1,1,0
313593,0,72,0,12.65585136,1,1,1
311168,11,32,1,12.64808846,1,0,0
192612,8,35,1,12.16843319,1,0,0
147501,5,55,1,11.90159035,1,0,0
323334,1,43,1,12.68644142,1,0,0
155001,14,58,0,11.95118713,1,0,0
322223,17,23,0,12.68299866,1,0,0
1950001,7,67,0,14.48334026,1,0,0
183334,2,56,0,12.11906528,1,0,0
600001,14,27,0,13.30468655,1,0,0
2000001,11,67,0,14.50865841,1,0,0
1352568,16,68,0,14.11751556,1,1,0
622430,5,41,0,13.3413868,1,1,1
218494,4,67,0,12.2945137,0,0,0
1390279,5,76,0,14.14501476,0,0,0
336668,7,27,1,12.72685242,0,1,1
1076390,11,48,0,13.88912296,1,1,0
259182,17,33,0,12.46528625,0,1,0
369557,5,64,0,12.82006073,0,0,1
165918,11,25,1,12.01924896,0,0,1
1291668,14,53,0,14.07144451,0,1,1
300001,11,65,0,12.61154079,0,1,1
5241668,11,54,0,15.4721508,1,1,0
3100001,16,49,0,14.94691277,1,0,0
265168,0,68,1,12.48811913,1,1,0
252501,11,33,1,12.43917084,1,1,0
708118,16,34,0,13.47036648,0,0,0
354001,15,34,1,12.77705479,1,1,1
205001,11,32,1,12.23077011,1,0,1
328334,11,34,1,12.70178699,1,1,0
598751,9,61,0,13.30260086,1,1,0
571876,2,55,1,13.25667763,1,1,1
360001,5,61,0,12.79386234,1,0,1
1040001,11,44,0,13.85473251,1,1,1
333334,19,51,0,12.71689987,1,0,0
465001,6,37,0,13.04979515,1,0,0
600001,1,54,0,13.30468655,1,1,1
300001,5,92,0,12.61154079,1,1,1
730001,15,23,0,13.50080109,1,0,0
1,16,40,0,0,1,1,1
976001,13,44,0,13.79121876,1,0,0
406668,0,67,0,12.91575241,1,0,1
1200001,11,36,0,13.99783325,1,1,1
1825001,16,48,0,14.41709137,1,0,0
395834,11,48,0,12.88875008,1,1,0
1257144,2,71,0,14.04435349,1,0,0
2588890,11,72,0,14.76673985,1,1,1
1744793,16,75,0,14.37214661,1,0,0
60001,5,69,0,11.0021162,1,1,1
279168,13,19,0,12.5395689,1,1,1
180001,3,65,0,12.10071754,1,0,1
265001,9,67,0,12.48748875,1,0,1
116668,14,28,0,11.66708755,1,1,0
366112,6,61,0,12.81069469,1,0,1
541668,6,81,0,13.20240879,1,0,1
1305001,14,41,0,14.08171463,1,0,0
583334,18,43,0,13.27651501,1,0,0
365392,11,44,0,12.80872631,1,1,0
8334,5,37,1,9.02809906,1,1,1
625001,12,36,0,13.34550858,1,1,0
2358851,16,29,0,14.67368507,1,1,0
253334,6,47,1,12.44246387,0,1,1
146668,5,70,0,11.89592648,0,0,1
578751,11,39,0,13.26862717,1,1,0
250001,0,67,0,12.4292202,1,0,1
726668,4,78,0,13.49622536,1,1,0
46668,7,51,0,10.75081444,0,1,1
231626,11,29,0,12.35287952,1,1,0
331534,17,52,0,12.71148586,1,1,1
2225112,13,32,0,14.61531734,1,1,0
568501,2,47,1,13.25075817,1,1,0
1429168,16,69,0,14.17260265,1,1,0
155209,8,34,1,11.952528,0,0,1
128376,3,22,0,11.76271915,0,0,1
98334,3,72,0,11.49612522,0,0,1
200334,2,75,0,12.20774078,0,0,1
256001,0,66,1,12.45293617,1,0,1
599098,11,36,0,13.30318069,1,1,0
533517,11,62,0,13.18724632,1,1,0
495529,11,44,0,13.11338139,1,1,1
634168,10,34,0,13.36006927,1,0,1
254757,5,60,0,12.44806576,1,1,1
485001,11,55,0,13.09190655,1,1,0
412501,5,74,0,12.92999363,1,1,0
500001,11,20,0,13.122365,1,0,0
682501,11,35,0,13.43351936,1,1,1
947918,14,54,0,13.76202297,1,1,0
220334,11,50,0,12.30290031,1,1,1
279001,11,27,1,12.53897095,1,1,0
1288890,5,74,0,14.06929207,0,0,0
672668,12,43,0,13.4190073,0,0,0
732223,6,46,0,13.50384045,0,1,0
930223,11,36,0,13.74317932,1,0,0
1684568,4,57,0,14.33701992,1,1,0
246251,14,33,0,12.41410637,1,1,0
450001,5,47,0,13.01700497,0,1,0
1245508,16,53,0,14.03505421,0,0,0
1295834,13,72,0,14.07466507,0,0,0
498959,16,53,0,13.12027931,0,0,0
325001,3,73,0,12.69158363,0,1,0
375001,4,43,0,12.83468437,1,1,0
916668,11,62,0,13.72850037,1,1,0
257918,9,52,0,12.46039677,1,0,1
40634,0,69,1,10.61236,1,0,0
414952,16,56,0,12.93591785,1,1,1
306668,5,66,1,12.63352108,1,0,1
1750001,17,67,0,14.37512684,1,1,1
369168,4,73,0,12.81900692,1,0,1
447084,13,47,0,13.01050186,1,0,1
396779,14,22,0,12.89113426,1,0,1
839142,16,59,0,13.64013481,1,0,0
184584,11,38,0,12.12586021,1,1,1
203001,0,74,0,12.22096634,0,1,1
209001,5,38,0,12.25009441,0,1,1
116668,5,78,0,11.66708755,0,1,1
625001,11,48,0,13.34550858,0,1,1
551390,10,24,0,13.22019768,1,1,1
125001,15,43,0,11.73607731,1,0,1
138334,3,57,0,11.83742619,1,0,1
1,8,24,0,0,1,0,1
522223,16,34,0,13.16584969,1,0,1
138168,7,49,1,11.83622551,1,0,1
283404,5,32,1,12.55462837,1,1,0
433334,0,55,0,12.97926426,1,0,1
290001,3,47,0,12.57763958,1,1,0
28334,11,35,1,10.2518177,1,0,0
316668,5,67,0,12.66560936,1,0,1
57501,5,55,0,10.95955753,1,0,1
870001,3,64,0,13.6762495,1,0,0
225234,8,31,1,12.32489491,1,0,1
220001,9,50,0,12.30138779,1,0,0
130001,0,87,0,11.77529716,1,1,1
901001,0,67,0,13.71126175,1,0,0
382557,14,35,1,12.85463333,1,0,0
50001,12,24,1,10.81979847,1,0,0
1301668,11,38,0,14.07915688,1,1,1
142807,10,59,1,11.86924934,1,1,1
217501,5,70,0,12.28995895,1,1,0
4020001,5,61,0,15.20679283,1,0,0
355557,5,58,1,12.78144073,1,1,1
415239,2,63,1,12.93660927,1,0,0
844584,13,25,0,13.64659977,1,1,1
129168,2,68,1,11.7688694,1,0,0
1,0,78,0,0,1,0,1
700223,14,38,0,13.45915413,1,1,0
362501,1,53,0,12.8007822,1,1,0
122501,13,35,1,11.71587467,1,0,1
286668,0,75,0,12.56608009,1,0,1
241779,7,45,1,12.39577961,1,0,1
245618,0,60,1,12.4115324,1,0,1
61112,0,58,0,11.02046394,0,1,1
424834,11,20,1,12.95945358,0,0,1
364168,11,26,1,12.80537033,0,1,1
279834,9,22,1,12.54195213,0,1,1
81251,5,55,0,11.30529881,0,1,1
71501,11,34,1,11.17746639,0,1,1
100834,5,27,0,11.5212307,0,1,1
66668,9,31,1,11.10748005,0,1,1
545168,11,30,1,13.20884895,1,0,0
210001,11,31,1,12.25486755,1,0,1
241668,11,24,0,12.39531994,0,1,0
516668,11,54,0,13.15515614,1,1,0
228811,0,61,1,12.34065151,1,1,0
172501,3,47,1,12.05815792,1,1,0
322501,0,71,0,12.68386173,1,0,0
199445,11,63,0,12.2032938,0,1,1
133612,6,28,1,11.80269527,0,1,0
270001,0,69,0,12.50618076,0,1,1
169168,3,45,1,12.03864765,0,1,1
185418,0,47,1,12.13036823,0,1,1
25450000,9,51,0,17.05222702,0,1,1
177501,4,36,0,12.08673191,0,1,1
574168,0,68,0,13.26067734,0,1,1
140501,6,36,1,11.85297012,0,1,1
312968,0,80,1,12.65385628,1,1,1
566668,5,32,0,13.24752903,0,1,1
350626,4,57,0,12.76747513,0,1,1
131251,1,56,1,11.78486633,0,1,0
220001,4,52,0,12.30138779,0,1,1
96668,4,50,0,11.47903728,0,0,1
490844,8,52,0,13.10388184,1,1,1
444426,5,79,0,13.00453854,1,0,1
594364,5,65,0,13.29524708,1,0,1
350001,11,36,0,12.76569176,1,0,1
272184,7,60,0,12.51423359,1,1,1
296668,11,51,0,12.6003685,1,1,0
671668,16,38,0,13.41751957,1,1,1
605001,4,66,0,13.31298542,1,1,0
315901,11,37,0,12.66318417,1,1,1
340140,12,37,0,12.737113,1,0,1
1010001,5,83,0,13.82546234,1,1,0
609001,7,68,0,13.31957531,1,1,0
308001,5,75,0,12.63785839,1,0,1
625001,16,71,0,13.34550858,1,1,0
450001,13,59,0,13.01700497,1,1,1
466668,11,45,0,13.05337334,1,1,0
613334,16,23,0,13.32666492,1,1,0
683334,9,53,0,13.43473911,1,0,1
605259,14,51,0,13.31341171,1,1,0
2998334,16,56,0,14.91356754,1,1,0
750001,11,58,0,13.52783012,1,1,0
292568,11,24,0,12.58645248,1,1,0
575001,0,72,0,13.26212692,1,0,0
4750001,19,75,0,15.37365532,1,1,0
2652534,15,44,0,14.79102612,1,1,0
600834,11,63,0,13.30607414,1,1,0
420834,11,65,0,12.94999409,1,1,1
300834,13,46,0,12.61431408,1,1,1
136001,8,52,0,11.8204174,1,1,1
352612,14,25,0,12.77312374,1,0,0
454522,14,27,0,13.02700138,1,1,0
11000001,18,51,0,16.21340561,1,0,0
7300001,21,57,0,15.80338478,1,1,0
4136112,17,57,0,15.23526669,1,1,0
261334,11,22,0,12.47355461,1,0,0
366834,11,22,0,12.81266499,1,0,0
193751,0,50,1,12.1743288,1,1,1
200001,9,28,0,12.20607758,1,1,0
445459,11,28,1,13.00686073,1,1,0
316041,11,46,1,12.66362762,1,1,1
106668,5,54,0,11.5774765,1,1,1
171430,8,59,1,12.05193043,1,1,0
811745,16,50,0,13.60694122,1,1,0
254584,5,43,0,12.44738579,1,1,0
197001,10,41,1,12.19096375,1,1,0
305765,13,45,0,12.63057232,1,1,0
657144,11,56,0,13.39565849,1,1,0
366945,12,52,0,12.8129673,1,1,0
300001,5,63,0,12.61154079,1,0,1
384751,0,48,0,12.86035156,1,1,0
116334,10,49,1,11.66422081,1,1,0
675001,12,65,0,13.42246914,1,0,1
374334,16,41,0,12.83290386,1,1,0
622084,5,54,1,13.3408308,1,0,0
377418,11,38,0,12.84110832,1,1,0
312501,8,43,0,12.65236282,1,1,1
1933334,16,43,0,14.47475624,1,1,0
200001,0,68,0,12.20607758,1,0,0
276251,5,59,0,12.52906513,1,0,1
435001,0,60,0,12.98310375,1,1,0
457779,11,40,0,13.03414154,1,0,1
1420668,11,28,0,14.16663742,1,1,0
150001,4,54,0,11.91839695,0,0,1
150001,7,65,0,11.91839695,0,1,1
400001,11,33,0,12.89922237,0,1,1
197293,11,34,0,12.1924448,0,0,1
674584,12,69,0,13.42185116,0,1,0
379334,5,82,0,12.84617233,0,0,1
141668,13,68,0,11.86124134,0,1,1
378890,7,67,0,12.84500122,0,0,0
282501,12,46,0,12.55143738,0,0,1
175651,6,35,1,12.07625389,0,1,1
598668,6,67,0,13.30246258,0,0,0
482223,11,37,1,13.08616161,0,0,0
170001,5,64,0,12.04356003,0,1,0
515001,0,62,0,13.15192413,0,1,1
1361834,14,29,0,14.12434292,0,1,0
108334,1,70,1,11.59297466,1,0,1
280001,4,56,0,12.54254818,1,1,0
90001,13,41,0,11.40757561,0,1,1
136001,4,31,0,11.8204174,0,0,1
173572,5,37,0,12.06434822,0,1,1
460001,0,55,0,13.0389843,0,1,1
170001,14,29,0,12.04356003,0,0,0
112501,11,29,0,11.63071728,0,0,0
121430,0,74,0,11.70709324,0,0,0
266668,10,55,0,12.49376011,1,1,0
412501,5,82,1,12.92999363,0,1,0
150001,3,68,0,11.91839695,1,1,0
150001,6,56,0,11.91839695,1,1,1
130973,0,71,0,11.78274632,1,0,0
496501,3,54,0,13.11534119,0,1,0
176251,1,80,0,12.07966423,1,0,0
400001,2,75,0,12.89922237,1,1,1
3250001,16,54,0,14.99416542,1,1,0
88112,11,36,1,11.38636398,1,0,1
147501,2,56,0,11.90159035,1,0,1
127084,0,65,0,11.75260353,1,1,0
165501,0,68,0,12.01673222,1,1,1
375001,8,59,0,12.83468437,1,1,1
430001,5,37,0,12.97154236,1,0,1
2575001,19,63,0,14.76136017,1,0,0
953334,4,55,0,13.76772022,0,1,0
207501,5,37,1,12.24289131,0,1,1
2235834,1,54,0,14.62012482,0,1,1
313334,3,39,0,12.65502453,0,1,1
177001,5,38,1,12.08391094,0,1,1
191668,4,39,1,12.16351986,0,1,1
300001,4,44,0,12.61154079,0,0,1
132501,5,42,1,11.79434586,0,1,1
326251,2,52,0,12.69542217,0,1,1
1094368,14,23,0,13.90568733,1,1,0
254723,1,72,0,12.44793224,1,1,1
182709,5,47,1,12.11565018,1,0,0
238334,0,70,0,12.38142872,0,1,1
4050001,5,58,0,15.21422768,0,1,1
1,11,37,0,0,1,0,0
1100001,5,51,0,13.91082191,0,1,0
450001,3,63,0,13.01700497,0,1,1
250001,12,47,0,12.4292202,0,0,0
200001,5,74,0,12.20607758,0,1,1
600001,5,41,0,13.30468655,0,1,1
79689,0,89,1,11.28588676,0,1,1
292989,9,43,0,12.58789063,0,1,1
198501,0,76,0,12.19854927,0,0,1
127918,9,39,1,11.75914478,0,1,0
440334,7,37,1,12.99528885,0,1,0
95522,0,80,0,11.46711159,0,0,1
199001,5,84,1,12.20106506,0,1,0
550001,4,86,0,13.21767521,0,0,1
398001,2,51,0,12.89420986,0,0,1
481251,11,53,1,13.08414459,0,0,1
326876,11,32,1,12.6973362,0,1,0
207001,3,49,1,12.24047852,0,1,0
1110001,5,45,0,13.91987133,1,0,0
578334,3,70,1,13.26790714,0,1,0
79862,1,75,0,11.28805542,0,1,1
210001,10,29,1,12.25486755,0,1,0
365209,4,55,1,12.80822468,0,1,0
252834,5,63,1,12.44048882,0,1,1
159287,3,60,0,11.97846317,0,1,0
100001,7,32,0,11.51293564,0,1,1
625895,11,56,0,13.34693813,0,0,0
196112,10,49,0,12.18644142,0,0,1
256112,3,54,1,12.45337009,0,1,1
167168,9,29,1,12.02675438,0,1,0
313990,11,37,1,12.65711689,0,1,0
235273,9,45,0,12.36850166,0,1,1
183334,9,20,0,12.11906528,0,0,0
300001,5,29,0,12.61154079,0,1,1
480001,0,40,0,13.08154392,1,1,1
114445,11,36,1,11.64785004,1,1,1
2000001,3,46,0,14.50865841,1,1,0
507779,13,34,1,13.13780117,1,1,1
233751,8,54,0,12.36201191,1,0,0
762501,14,29,0,13.54435921,1,1,0
874334,11,41,0,13.68121815,1,1,1
300001,9,24,0,12.61154079,1,1,0
192144,0,75,0,12.16600037,1,0,1
400001,13,42,0,12.89922237,1,1,0
725001,6,52,0,13.49392796,1,0,1
219001,5,48,0,12.29683113,0,0,0
760001,0,71,0,13.54107475,0,1,1
56876,11,27,1,10.94862843,0,0,1
73901,0,45,1,11.21048164,0,1,1
1059862,17,43,0,13.8736496,1,1,0
101251,9,38,1,11.5253582,0,1,1
217501,3,49,1,12.28995895,0,1,1
26668,12,26,1,10.19121933,0,0,0
827501,0,69,0,13.62616539,0,1,1
151001,0,40,1,11.92504215,0,1,1
1247168,7,21,0,14.03638554,0,1,0
173751,0,63,0,12.06537819,0,0,0
23501,3,52,0,10.06479836,0,0,1
1142668,8,43,0,13.94887638,0,1,1
347501,5,39,0,12.75852299,0,1,0
374168,5,27,1,12.8324604,0,0,1
346668,4,42,0,12.75612259,0,0,1
1014376,5,79,0,13.82978439,0,1,1
308334,4,54,0,12.6389389,0,1,1
92668,0,67,0,11.43677807,0,1,1
260001,11,31,1,12.46844101,0,1,1
315001,5,32,1,12.66033077,0,1,0
250001,2,54,0,12.4292202,0,1,1
714001,5,40,0,13.4786396,0,1,0
416668,3,55,0,12.94004536,0,1,1
191668,11,60,0,12.16351986,0,1,0
275001,9,34,0,12.52453041,0,1,1
200001,9,73,0,12.20607758,0,1,1
360001,9,23,0,12.79386234,0,1,1
550001,5,32,0,13.21767521,0,1,0
1,11,30,0,0,0,1,1
436112,5,52,0,12.98565483,1,0,0
516668,4,61,0,13.15515614,1,0,1
300001,5,44,0,12.61154079,1,1,1
100001,11,24,0,11.51293564,1,0,0
356001,5,67,0,12.78268909,1,1,0
250001,11,24,0,12.4292202,1,1,1
7668,4,26,0,8.944810867,1,1,0
591668,3,73,1,13.29070091,0,0,1
92858,5,30,0,11.43882656,0,1,0
1240001,5,57,0,14.03062248,1,1,1
466668,11,47,0,13.05337334,0,1,0
1275001,18,56,0,14.05845737,0,1,0
600001,1,66,0,13.30468655,0,1,1
1200001,0,69,0,13.99783325,0,1,1
920118,12,40,0,13.73225689,1,1,0
408076,11,35,0,12.91920853,1,1,0
130668,7,51,0,11.78041458,1,0,1
357501,11,36,1,12.78689384,1,0,1
588901,11,46,1,13.2860136,0,0,1
906584,12,22,0,13.7174387,0,0,0
880501,13,32,0,13.68824673,0,0,1
2700001,11,76,0,14.80876255,0,0,1
199858,8,35,1,12.20536232,0,1,1
139168,14,37,0,11.84343719,1,1,1
1000001,5,32,0,13.8155117,1,1,0
250001,11,47,0,12.4292202,1,1,1
150001,8,41,0,11.91839695,1,0,1
298445,11,37,0,12.60634136,1,0,1
99501,7,23,0,11.50792313,1,0,1
331668,6,50,0,12.71189022,1,1,1
475001,2,56,0,13.07107258,1,1,1
247501,5,40,0,12.41916943,1,0,0
470001,6,40,0,13.06048965,1,1,1
624001,11,42,0,13.34390736,1,1,1
336486,2,59,0,12.72631168,0,1,1
69334,7,41,0,11.14669037,0,1,0
420001,8,77,0,12.94801235,1,1,1
126001,2,54,1,11.74404526,1,0,1
250001,1,34,0,12.4292202,1,0,1
1,7,38,0,0,1,0,1
1200001,7,47,0,13.99783325,1,1,1
1079168,14,42,0,13.89170074,1,1,1
115501,3,24,1,11.65703487,0,0,0
139334,5,42,1,11.84462929,0,1,1
313959,8,33,0,12.65701771,0,1,1
425001,13,33,0,12.9598465,0,1,0
400001,9,45,0,12.89922237,0,1,1
311001,11,38,0,12.64755154,0,1,0
290001,2,66,0,12.57763958,1,0,1
280557,7,39,1,12.54453182,1,1,1
237251,7,48,0,12.37687397,1,1,0
375001,7,59,0,12.83468437,1,1,0
449096,5,49,1,13.01499176,1,1,0
5133751,5,46,1,15.45134735,1,1,0
339445,11,48,1,12.73506737,1,1,1
305557,5,43,1,12.6298914,1,1,1
100626,5,62,0,11.51916599,1,0,1
203453,11,39,1,12.22319031,1,1,1
292584,11,45,0,12.58650684,1,1,1
296668,3,58,1,12.6003685,1,1,1
140001,3,48,0,11.84940529,1,1,0
208751,4,32,1,12.24889755,1,1,1
741668,11,59,0,13.51665688,1,1,0
63001,7,47,0,11.05090618,1,0,0
425001,5,43,0,12.9598465,1,0,0
500001,5,68,0,13.122365,1,1,1
229534,12,23,0,12.34380627,1,0,1
316112,5,52,1,12.66385174,1,1,1
90001,6,66,0,11.40757561,1,1,1
249168,11,47,1,12.42588234,1,1,1
155334,5,57,0,11.9533329,1,1,1
215501,11,19,1,12.28072071,1,1,1
307501,11,49,0,12.63623333,1,1,1
390001,11,50,0,12.87390423,1,1,0
266668,11,52,0,12.49376011,1,0,0
284401,11,66,0,12.55814075,1,1,0
432501,11,49,0,12.97733974,1,1,1
30557,13,29,0,10.32734871,1,1,1
64584,0,30,1,11.07572174,0,0,1
92501,5,36,1,11.43497467,0,1,1
143751,0,38,1,11.87583828,0,0,0
66668,5,57,0,11.10748005,0,1,1
158334,7,32,1,11.9724617,0,1,1
144334,10,27,1,11.87988567,0,0,0
157209,4,28,1,11.96533108,0,0,1
381668,8,32,1,12.85230637,0,0,1
100001,4,31,1,11.51293564,0,0,1
317751,5,45,1,12.66902351,0,0,0
215001,0,50,1,12.27839756,0,0,1
74168,0,43,0,11.21408844,0,0,1
210001,0,80,0,12.25486755,0,1,1
305001,11,34,1,12.62806988,0,0,0
124168,5,53,1,11.7293911,0,0,1
57701,2,57,1,10.96302986,0,0,1
123334,2,28,0,11.72265148,0,1,1
215001,11,20,1,12.27839756,0,1,1
463112,9,19,1,13.04572392,0,1,1
600001,7,36,0,13.30468655,0,1,0
256251,3,57,0,12.45391273,0,1,1
321668,4,38,1,12.68127537,0,0,0
277779,5,62,0,12.53458118,1,1,1
500001,5,49,0,13.122365,1,1,0
176564,0,70,1,12.08143902,0,1,1
178626,6,30,1,12.09304905,0,1,1
171834,3,46,1,12.0542841,0,1,1
150501,2,46,1,11.92172527,0,1,1
75668,3,43,1,11.23411083,0,1,1
113701,3,49,1,11.64132786,0,1,0
44001,2,44,1,10.69196796,0,1,0
550001,5,50,0,13.21767521,0,0,1
131668,5,52,1,11.78803921,0,0,1
124001,11,27,0,11.72804451,0,1,0
166668,11,24,0,12.02375889,0,1,1
234029,5,40,1,12.36320019,0,0,1
135201,0,66,1,11.81451797,0,1,1
196668,0,35,0,12.18927193,0,1,0
331945,1,56,0,12.71272469,0,1,1
298334,0,82,0,12.60596848,0,1,1
167168,11,46,1,12.02675438,0,1,1
166668,4,61,0,12.02375889,0,1,1
424557,2,54,0,12.95880127,0,1,0
285001,2,50,1,12.56024837,0,1,1
445001,3,63,0,13.00583172,0,0,1
356334,13,60,0,12.7836237,1,1,1
1652001,13,33,0,14.31749821,1,1,0
172501,7,41,0,12.05815792,1,1,1
575001,16,37,0,13.26212692,1,1,0
585668,16,56,0,13.28050804,1,1,0
418834,6,53,0,12.94522953,1,1,0
132223,5,38,1,11.79224491,0,1,1
130953,8,40,1,11.78259373,0,1,0
230501,9,43,1,12.34801006,1,1,0
359168,11,30,1,12.79154587,0,1,0
370001,0,102,0,12.82126141,0,1,1
153126,8,43,1,11.93901634,0,1,1
400001,0,59,0,12.89922237,0,1,0
360834,5,89,0,12.7961731,1,0,1
616668,12,44,0,13.33208561,1,0,1
539834,16,48,1,13.19901657,0,1,1
300834,2,55,0,12.61431408,0,1,1
431223,11,26,0,12.97438049,0,1,1
1125501,9,46,0,13.93373871,0,1,1
162001,0,50,0,11.99535751,0,1,1
1055001,11,35,0,13.86905193,0,1,0
647334,11,66,0,13.3806181,0,1,0
176668,4,61,0,12.08202744,0,0,0
291668,11,36,0,12.58337116,0,1,1
371901,6,54,0,12.82638264,0,1,1
191529,11,36,1,12.16279411,0,1,1
496390,7,49,1,13.11511707,0,1,0
3216668,14,51,0,14.9838562,0,1,0
1775001,5,75,0,14.38931179,0,1,0
311251,0,31,1,12.64835453,0,1,1
967501,3,44,0,13.78247166,0,1,1
283334,5,96,0,12.55438137,0,1,1
100001,5,46,0,11.51293564,0,1,0
650001,3,34,0,13.38472939,0,1,0
494072,13,63,0,13.11043644,0,0,0
601890,11,30,0,13.30782986,0,1,0
233890,7,48,1,12.36260605,0,1,1
751668,5,51,1,13.53005028,1,1,0
355001,3,50,0,12.77987576,0,1,0
91390,23,45,0,11.42289162,1,1,1
176251,11,51,1,12.07966423,1,0,0
384009,11,51,0,12.85842133,1,0,1
206945,5,69,0,12.24020863,1,1,0
266862,9,42,0,12.49448681,1,1,0
54418,11,35,1,10.90445042,1,0,1
788851,13,64,0,13.5783329,1,0,0
511287,8,48,0,13.1446867,1,1,0
140001,1,58,0,11.84940529,1,1,0
315779,2,70,0,12.66279793,0,1,0
470001,0,39,0,13.06048965,0,1,1
900001,3,44,0,13.71015072,0,1,0
269793,12,22,0,12.50541019,0,1,0
552274,5,65,1,13.22179985,0,1,0
421668,3,49,0,12.95197392,0,1,1
233751,6,28,0,12.36201191,0,1,0
423668,3,53,0,12.95670509,0,1,0
612501,11,21,0,13.32530594,0,1,1
221334,2,43,0,12.30742836,0,1,1
483334,2,58,0,13.08846283,0,1,0
186668,5,43,0,12.13708687,1,1,0
350001,16,31,0,12.76569176,1,0,1
1200001,8,52,0,13.99783325,1,1,1
712834,14,37,0,13.47700405,1,1,0
182251,11,37,1,12.11314011,1,1,0
619445,20,35,0,13.33657932,1,1,0
239376,2,66,0,12.38579082,1,1,1
1450001,0,52,0,14.18707466,1,1,0
183215,8,40,1,12.11841583,1,1,1
1200001,0,55,0,13.99783325,1,1,0
198751,0,60,0,12.19980812,1,1,1
126001,4,26,0,11.74404526,1,1,0
126668,0,59,0,11.7493248,1,0,1
111251,2,53,1,11.61954403,0,1,1
130001,4,27,0,11.77529716,1,1,0
144168,3,54,1,11.87873459,0,1,1
235390,0,71,1,12.36899853,1,1,1
188370,4,63,1,12.14616299,0,0,0
383334,4,72,0,12.8566618,0,1,1
124001,0,30,0,11.72804451,1,1,1
72501,4,66,0,11.19135571,0,1,1
320134,11,30,1,12.6764946,0,1,1
82501,10,27,0,11.32056522,0,0,0
149301,2,32,0,11.91372013,1,1,1
189626,11,35,1,12.15280914,0,1,1
137501,0,81,0,11.83138657,0,1,1
150001,5,51,0,11.91839695,0,1,1
97376,2,28,1,11.4863348,0,1,0
218334,2,67,0,12.29378128,0,0,1
253723,9,22,1,12.44399834,0,0,1
121072,5,42,0,11.70414066,0,0,0
82501,6,42,1,11.32056522,0,0,1
149751,5,57,0,11.91672897,0,0,1
416668,6,51,0,12.94004536,0,1,0
111876,7,38,0,11.62514687,0,1,0
240001,5,58,0,12.38839817,0,1,1
266668,11,60,0,12.49376011,0,1,1
416751,11,48,0,12.94024467,0,1,0
140001,7,32,0,11.84940529,0,1,1
210001,8,23,0,12.25486755,0,1,0
68334,6,32,0,11.13216305,0,1,1
172626,16,43,0,12.05888271,0,0,0
184168,8,61,0,12.12360382,0,0,0
590001,1,89,0,13.28787994,0,0,0
670001,5,67,0,13.41503429,0,1,1
770001,11,44,0,13.55414677,0,0,1
307001,9,52,0,12.63460636,0,1,0
144168,3,40,1,11.87873459,0,1,0
75001,5,43,0,11.22525692,0,1,1
96112,5,69,0,11.47326946,0,1,1
67001,5,48,1,11.112463,0,1,1
78376,0,86,1,11.2692728,0,1,1
64584,0,82,0,11.07572174,0,1,0
1,13,55,0,0,0,0,1
310858,4,44,1,12.64709187,1,1,0
1250001,7,73,0,14.03865528,1,0,0
400001,8,61,0,12.89922237,1,1,1
987001,5,59,0,13.80242634,1,1,1
201230,5,50,1,12.21220398,1,0,1
270001,0,87,0,12.50618076,0,0,1
267501,5,46,1,12.49687862,0,1,1
166251,11,31,1,12.02125359,0,0,1
180001,4,83,0,12.10071754,0,0,1
1,5,52,0,0,0,1,1
241251,4,59,1,12.39359283,0,0,0
175001,9,52,0,12.07254696,0,1,1
81557,13,34,1,11.30905724,0,1,1
60001,3,66,0,11.0021162,0,0,1
183001,3,69,0,12.11724663,0,1,1
215001,5,52,0,12.27839756,0,1,0
535001,4,62,0,13.19002342,0,1,1
3360001,5,73,0,15.02745152,0,0,1
632779,16,53,1,13.35787678,0,0,0
325001,2,69,0,12.69158363,0,0,1
1,11,27,0,0,0,1,0
2000001,5,64,0,14.50865841,0,0,1
472406,5,53,0,13.06559372,1,1,1
370001,2,74,0,12.82126141,1,0,0
3425001,11,64,0,15.04661274,1,0,0
520001,2,62,0,13.16158581,1,1,0
400168,4,42,0,12.89964008,1,0,1
1350001,3,47,0,14.11561584,1,1,0
125149,1,76,1,11.73725986,1,1,1
200001,5,19,0,12.20607758,1,1,0
580001,9,27,0,13.27078533,1,1,0
672501,6,36,0,13.41875935,1,0,1
359223,11,23,1,12.79169846,1,1,0
218751,5,32,1,12.29568958,1,1,0
188334,5,30,1,12.14597225,1,0,1
225314,2,47,1,12.32525063,0,1,1
1150001,0,65,0,13.95527363,0,1,1
550001,3,26,0,13.21767521,0,1,0
197914,5,35,1,12.19558811,0,1,1
1,0,34,0,0,1,1,1
106112,1,54,1,11.57225037,0,1,0
100001,0,56,0,11.51293564,0,1,1
275001,2,58,0,12.52453041,0,1,1
233334,2,60,0,12.36022663,0,1,0
183334,0,53,0,12.11906528,0,1,1
300001,0,32,0,12.61154079,0,1,1
1,0,83,0,0,0,0,1
210001,2,33,1,12.25486755,0,1,1
350001,14,30,0,12.76569176,1,0,0
637418,5,67,1,13.36518097,1,1,0
966668,11,33,0,13.78161049,0,1,0
533334,11,19,0,13.186903,0,1,1
141430,0,75,1,11.85956001,0,1,1
599001,6,45,0,13.30301857,0,0,1
383334,0,47,0,12.8566618,0,1,1
355251,5,26,1,12.78057957,0,1,0
358334,0,36,0,12.78922081,0,0,0
287501,3,43,0,12.56898117,0,1,0
142501,2,57,0,11.86710453,0,0,0
213301,8,45,1,12.27045918,0,1,0
693126,4,55,0,13.44896698,0,1,0
325001,9,20,0,12.69158363,0,1,0
120001,0,62,0,11.69525528,0,1,1
285001,0,81,0,12.56024837,0,1,1
257501,2,43,0,12.45877934,0,1,1
37501,1,45,0,10.53212261,0,1,1
196001,3,59,0,12.18587494,1,1,0
100501,7,30,1,11.51792336,1,1,1
263334,5,48,0,12.48117828,1,0,0
224501,7,79,0,12.32163525,1,1,1
259001,5,54,1,12.46458721,1,0,1
525834,5,71,0,13.17274094,1,0,1
566668,0,56,0,13.24752903,1,1,1
864445,8,34,1,13.66984272,1,1,1
566668,5,83,0,13.24752903,1,1,0
425001,5,62,0,12.9598465,1,0,0
271529,5,37,1,12.51182461,1,0,1
279168,5,60,0,12.5395689,1,1,0
266668,9,31,0,12.49376011,1,1,0
625376,11,60,0,13.34610844,1,1,0
325001,5,58,0,12.69158363,1,1,1
3333334,19,62,0,15.01948357,1,1,0
227168,7,42,1,12.33344555,1,1,0
2618223,16,42,0,14.77800655,1,1,0
158334,14,44,0,11.9724617,1,1,0
189168,6,50,1,12.15039063,1,0,0
125001,0,37,1,11.73607731,1,1,0
132860,11,35,0,11.79705143,1,1,0
160001,2,26,0,11.98293495,1,1,1
117501,2,33,1,11.67420197,1,1,1
291165,7,29,0,12.58164501,1,1,0
190376,11,35,1,12.1567564,1,1,0
460001,2,48,0,13.0389843,1,0,1
799334,11,56,0,13.59153461,1,1,1
723457,5,57,0,13.49179649,1,0,1
370557,13,34,0,12.82276249,1,1,0
1468501,7,64,0,14.19975281,1,1,0
367281,11,66,0,12.81388283,1,1,0
726068,11,63,0,13.49539852,1,1,1
400001,14,57,0,12.89922237,1,1,1
607168,13,70,0,13.31656075,1,0,0
856459,9,44,0,13.66056156,1,0,0
484501,12,30,0,13.09087467,1,0,0
927084,9,55,0,13.7397995,1,0,0
467841,11,41,0,13.05588341,1,0,0
1700001,11,44,0,14.34613895,1,1,0
708501,11,20,1,13.47090721,1,1,0
465626,11,27,0,13.05113792,1,1,0
103334,5,46,1,11.54572201,1,1,1
115137,5,50,0,11.65387821,1,0,0
500001,11,22,0,13.122365,1,1,1
306114,11,42,0,12.63171291,1,1,1
375001,11,47,0,12.83468437,1,1,0
1293751,11,56,0,14.07305622,1,1,0
246072,6,43,1,12.41337967,1,1,1
250001,5,34,0,12.4292202,1,1,0
176390,2,30,1,12.08045292,1,1,1
423751,10,26,0,12.95690155,1,1,0
100001,11,45,0,11.51293564,1,1,0
550001,11,58,0,13.21767521,1,0,0
904101,17,34,0,13.71469593,1,1,0
250001,5,74,0,12.4292202,1,0,1
216668,7,42,0,12.28612137,1,1,1
807001,12,28,0,13.60107994,1,1,1
849701,16,48,0,13.65263939,1,1,0
350001,6,59,0,12.76569176,1,0,1
227301,11,42,0,12.33403015,1,0,0
449168,0,76,0,13.01515198,1,1,0
715134,11,39,0,13.48022556,1,1,0
287501,5,49,0,12.56898117,1,1,0
229668,12,34,1,12.34438992,1,1,0
913334,17,48,0,13.72485733,1,1,0
384501,5,64,0,12.85970211,1,0,0
744168,11,53,0,13.52002239,1,1,0
460418,14,29,0,13.03989029,1,1,0
500001,15,61,0,13.122365,1,0,0
150001,13,57,0,11.91839695,1,0,0
278834,5,77,0,12.53837204,1,0,0
650001,11,23,0,13.38472939,1,1,0
581668,0,78,0,13.27365494,1,0,0
937501,14,59,0,13.75097275,1,1,0
280834,11,29,0,12.54551888,1,1,0
4569445,6,76,0,15.33490276,1,1,0
326668,2,69,0,12.6967001,1,0,0
166668,8,55,0,12.02375889,1,0,0
713126,7,47,0,13.47741318,1,0,0
1547001,8,35,0,14.25182915,1,1,0
789918,11,27,0,13.57968426,1,1,0
210001,5,48,0,12.25486755,1,0,0
1000001,7,41,0,13.8155117,1,0,0
523862,13,25,1,13.16898346,1,1,0
866668,14,28,0,13.67241096,1,1,0
87501,4,53,0,11.37940598,1,1,1
102334,8,37,1,11.53599739,1,1,1
300001,5,35,0,12.61154079,1,1,0
563390,13,28,1,13.24172783,1,1,0
174887,10,41,0,12.0718956,1,1,1
700001,10,30,0,13.45883751,1,1,0
198334,0,81,1,12.19770813,1,1,1
219105,5,60,1,12.29730606,1,1,1
200001,3,39,0,12.20607758,1,1,1
101668,7,30,1,11.52946758,1,0,1
200001,3,85,0,12.20607758,1,1,1
273334,5,39,1,12.51844978,1,1,1
86001,2,53,0,11.36211395,1,1,0
300001,4,63,0,12.61154079,1,1,1
112501,3,29,1,11.63071728,1,1,1
320001,6,35,0,12.67607975,1,0,0
317293,6,25,1,12.6675806,1,1,0
257144,3,49,0,12.45739174,1,1,0
219584,8,52,1,12.29948997,1,0,0
312501,2,58,0,12.65236282,1,1,0
400001,0,58,0,12.89922237,1,1,0
713251,5,26,1,13.47758865,1,1,0
400001,8,24,0,12.89922237,1,1,1
625484,9,41,0,13.34628105,1,1,1
5557,9,35,0,8.622813225,1,0,1
1565401,17,52,0,14.2636528,1,1,0
293334,19,46,0,12.58906746,1,1,1
400001,9,28,0,12.89922237,1,1,1
1642001,13,47,0,14.31142616,1,1,0
769440,8,70,0,13.55341816,1,1,1
64723,2,66,0,11.07787228,0,1,1
100001,7,28,0,11.51293564,0,1,1
607779,16,41,0,13.31756687,1,0,1
436001,7,59,0,12.9854002,1,1,1
90626,13,29,1,11.41449642,1,0,1
123068,9,25,1,11.72049236,1,0,0
143334,11,40,1,11.87293243,1,1,1
313334,13,42,0,12.65502453,1,0,0
99334,5,45,1,11.50624275,0,1,1
110001,11,49,0,11.6082449,0,0,1
143334,9,59,1,11.87293243,0,0,1
237779,0,64,0,12.37909698,0,0,0
3000001,11,66,0,14.91412354,0,1,1
1233334,2,53,0,14.02523136,0,1,1
1140001,12,32,0,13.94653988,0,0,1
1066668,11,46,0,13.88005066,0,1,1
155001,5,56,0,11.95118713,0,1,1
319834,2,45,1,12.67555714,0,1,0
1083334,6,45,0,13.89555359,1,1,0
150001,11,27,0,11.91839695,0,1,1
251001,8,27,1,12.43321228,0,1,1
836251,21,33,1,13.63668442,0,1,1
28334,7,43,0,10.2518177,0,0,1
53334,1,41,1,10.88432884,0,0,1
75001,8,25,0,11.22525692,0,1,1
189668,4,43,0,12.1530304,0,1,1
8334,8,16,0,9.02809906,0,0,1
125334,5,48,1,11.73873711,0,0,1
198501,11,39,1,12.19854927,0,1,1
80001,13,30,0,11.28979397,0,1,1
138937,5,50,0,11.84177589,0,0,1
1950001,4,44,0,14.48334026,0,1,1
203334,7,67,1,12.22260475,0,1,0
289668,0,33,0,12.5764904,0,0,0
24973,5,61,1,10.12555027,0,1,1
495418,11,32,1,13.11315727,0,1,0
46668,0,60,0,10.75081444,0,1,1
550001,11,52,0,13.21767521,0,1,1
116668,4,72,0,11.66708755,0,0,1
96668,0,85,0,11.47903728,0,1,1
509168,12,29,1,13.14053345,0,0,1
268201,3,49,1,12.49949169,0,0,1
900001,8,44,0,13.71015072,0,1,1
250001,12,48,0,12.4292202,1,0,0
408334,11,36,0,12.91984081,1,0,1
19584,3,69,0,9.882468224,1,1,1
1245209,15,31,0,14.03481388,1,1,0
590001,0,49,1,13.28787994,1,0,0
736779,16,25,0,13.51004314,1,0,0
661668,2,48,0,13.40251923,1,0,0
1115223,16,33,0,13.92456532,1,1,0
746168,15,38,0,13.52270603,1,1,0
142355,5,44,1,11.86607933,1,0,1
416147,8,42,0,12.93879414,1,0,0
410801,11,42,0,12.92586422,1,1,0
700001,8,22,0,13.45883751,1,1,0
562501,4,61,0,13.24014854,1,0,0
1200001,16,34,0,13.99783325,1,0,0
90001,2,57,0,11.40757561,0,1,1
378751,11,32,0,12.84463406,0,1,1
110001,3,77,0,11.6082449,0,0,1
566668,11,35,0,13.24752903,0,1,1
123751,4,32,0,11.72602654,0,0,0
595001,13,30,1,13.29631805,0,1,0
173751,4,37,1,12.06537819,0,1,0
302779,5,51,0,12.62075806,0,0,1
2566251,2,60,1,14.7579565,0,0,0
330459,5,51,0,12.70823765,0,1,1
346501,11,53,1,12.75564098,0,1,1
1100001,8,59,0,13.91082191,0,1,0
128751,11,26,1,11.76563549,0,0,1
164334,7,55,0,12.00965595,0,1,0
361945,13,36,1,12.79924774,0,1,1
307709,11,44,0,12.63690948,0,1,1
388612,13,37,0,12.87033653,0,1,1
293284,0,76,1,12.58889675,0,0,1
123751,9,46,1,11.72602654,0,0,1
2598945,16,49,0,14.77061653,1,1,1
552223,0,79,0,13.22170734,1,1,1
67034,0,50,1,11.11295509,1,0,1
5438334,16,61,0,15.50898361,1,1,0
450001,11,38,0,13.01700497,1,0,0
174601,0,56,0,12.07025909,0,0,1
233084,11,53,0,12.35915375,0,0,1
491668,11,31,1,13.10555935,0,1,1
145279,2,53,1,11.88641167,0,1,1
154001,2,48,1,11.94471455,0,1,1
209168,8,32,1,12.25089264,0,1,1
143168,0,36,0,11.87177372,0,1,1
240001,0,50,0,12.38839817,0,1,1
442084,0,77,0,12.99925518,0,1,0
315834,0,58,0,12.66297245,0,1,1
279168,3,58,1,12.5395689,0,1,1
22918,0,88,1,10.03967762,0,1,1
72144,3,41,1,11.18641949,0,1,1
150001,5,67,0,11.91839695,0,1,1
120140,0,78,1,11.69641304,0,1,1
50001,1,42,0,10.81979847,0,1,1
7501,0,66,0,8.922791481,0,1,1
198334,5,55,1,12.19770813,0,1,0
232223,0,88,0,12.35545349,0,1,0
129168,3,75,1,11.7688694,0,1,1
300001,0,56,0,12.61154079,0,1,1
488334,4,48,0,13.09875488,0,1,1
335001,0,77,0,12.72188854,0,1,0
161251,5,32,1,11.99071789,0,1,1
1515334,5,57,1,14.23114681,1,0,0
160557,5,55,1,11.98640442,1,1,1
362501,5,66,0,12.8007822,1,1,1
183501,0,86,0,12.11997509,1,0,1
340001,11,48,1,12.73670387,1,1,1
162501,13,34,0,11.99843979,1,1,1
232501,0,70,0,12.3566494,1,0,1
471643,10,37,1,13.06397724,1,1,1
165834,0,62,0,12.01874256,1,0,1
150001,6,20,0,11.91839695,1,1,1
572001,16,48,1,13.25689602,1,1,1
420751,14,45,1,12.94979668,1,1,0
421626,8,69,1,12.95187378,1,1,1
225001,9,56,0,12.32386017,1,1,1
292501,8,44,1,12.5862236,1,1,1
548981,5,54,0,13.21581936,1,1,1
70001,5,50,0,11.15626526,1,1,1
180001,10,49,1,12.10071754,1,1,1
182501,11,41,1,12.11451054,1,1,1
691668,16,51,1,13.44686127,1,1,0
222293,0,38,1,12.31175137,1,1,1
256501,11,38,1,12.45488739,1,1,0
678751,5,41,1,13.42800999,1,0,1
364168,0,51,0,12.80537033,1,0,1
420001,0,55,0,12.94801235,1,1,1
145959,0,58,1,11.89108086,1,1,1
750001,0,49,0,13.52783012,1,1,1
332557,7,70,0,12.71456623,1,1,0
905748,11,50,0,13.71651649,1,1,0
450001,10,21,0,13.01700497,1,0,1
680001,9,63,0,13.42984962,1,1,1
600001,11,26,0,13.30468655,1,1,0
725001,11,43,0,13.49392796,1,1,0
8250001,13,69,0,15.92572403,1,0,0
444809,16,40,0,13.00540066,1,1,0
185001,12,24,0,12.12811661,0,1,0
1102779,5,76,0,13.91334438,0,1,1
165901,11,36,1,12.01914692,0,1,0
400001,0,82,0,12.89922237,0,1,0
825001,4,47,0,13.62314034,0,0,0
186001,12,38,0,12.13350773,0,0,0
397668,11,45,0,12.89337254,1,1,1
258734,5,28,0,12.46355534,1,1,1
2000001,11,54,0,14.50865841,1,1,0
418215,11,56,1,12.94375134,1,1,1
550001,3,48,0,13.21767521,1,0,0
1053334,3,62,0,13.86747074,0,1,0
250001,9,60,0,12.4292202,0,1,0
300001,5,43,1,12.61154079,0,1,0
173230,0,50,1,12.06237507,0,1,0
187501,5,48,1,12.14153957,0,1,0
196668,5,36,1,12.18927193,0,1,0
196001,11,69,0,12.18587494,0,1,0
150001,3,31,1,11.91839695,0,0,0
1483334,14,39,0,14.20980263,1,0,0
600001,5,71,0,13.30468655,1,1,1
280001,3,40,0,12.54254818,1,1,0
157501,11,40,1,11.96718693,1,0,0
193334,1,70,0,12.17217445,1,0,1
516390,0,77,0,13.15461731,1,0,0
794112,12,56,0,13.58498001,1,1,0
514251,5,52,0,13.15046692,1,1,0
550001,16,76,0,13.21767521,1,1,0
488001,13,42,0,13.09807301,1,0,0
413644,0,80,0,12.93276119,1,0,1
589260,4,63,0,13.286623,1,0,0
243449,16,65,0,12.40266228,1,1,0
303093,7,66,0,12.6217947,1,1,0
383334,5,66,0,12.8566618,1,1,0
188001,6,41,0,12.14420223,1,1,0
147906,16,56,0,11.90433216,1,1,0
228541,11,42,0,12.33947086,1,1,0
592945,13,55,0,13.29285717,1,1,0
224168,11,36,0,12.32015133,1,1,1
173334,5,64,0,12.06297588,1,1,1
653084,3,75,0,13.38946056,0,0,1
304068,3,64,0,12.62500668,0,0,0
359418,5,41,1,12.7922411,0,1,0
218834,1,69,0,12.29606915,0,0,1
435001,11,45,0,12.98310375,0,1,0
1400001,11,69,0,14.15198326,0,1,0
291018,12,38,1,12.58114052,0,1,0
435501,12,19,1,12.98425198,0,1,0
175001,6,52,0,12.07254696,0,1,1
208001,11,38,1,12.24529839,0,1,1
150001,5,72,0,11.91839695,1,1,0
800001,11,43,0,13.59236813,1,1,1
222251,6,24,0,12.31156254,0,1,0
280715,4,38,1,12.54509544,0,1,1
177668,13,34,1,12.08767223,1,1,1
558168,11,38,0,13.2324152,0,1,0
187501,1,69,0,12.14153957,0,0,0
305149,6,61,0,12.6285553,0,0,1
300209,11,40,0,12.61223412,0,1,0
479168,2,70,0,13.07980633,0,1,1
613334,11,50,0,13.32666492,1,1,1
287001,2,38,1,12.56724072,0,1,1
222251,5,37,1,12.31156254,0,1,0
670001,5,63,0,13.41503429,0,1,1
115001,3,34,1,11.65269566,0,1,1
723334,0,71,0,13.49162674,0,1,0
533334,8,22,0,13.186903,0,1,1
142084,11,27,0,11.86417389,0,1,1
70001,8,33,1,11.15626526,0,1,1
2283334,5,68,0,14.64114761,0,1,1
325626,0,75,1,12.69350433,0,1,1
516668,3,61,0,13.15515614,0,1,1
163751,2,38,0,12.00610256,0,1,0
298584,11,46,0,12.60680676,0,1,0
264168,11,23,0,12.48434067,0,1,0
248525,7,39,0,12.42329884,0,1,0
1000001,3,67,0,13.8155117,0,1,0
500557,11,36,1,13.12347698,0,1,0
260001,9,33,1,12.46844101,0,1,1
307334,8,44,1,12.63569069,0,1,0
789001,0,53,0,13.57852268,0,1,1
393218,11,26,0,12.88211918,0,1,1
600001,8,50,0,13.30468655,0,1,1
842251,0,60,1,13.64383316,0,1,1
222376,6,59,0,12.31212521,1,0,1
286668,3,65,0,12.56608009,1,1,1
50001,5,49,0,10.81979847,1,1,1
700001,11,72,0,13.45883751,1,0,0
533334,13,33,0,13.186903,1,1,1
300001,0,80,0,12.61154079,1,0,0
251668,2,79,0,12.43586636,1,1,0
453001,11,46,0,13.02364922,1,1,1
125001,6,57,0,11.73607731,1,1,0
1045834,11,42,0,13.86032486,1,1,1
166234,12,32,1,12.02115154,0,0,0
453251,5,37,1,13.02420139,0,1,0
383334,4,52,0,12.8566618,0,1,0
463751,2,60,0,13.04710293,0,1,0
63112,12,20,0,11.05266666,0,1,1
162501,1,50,0,11.99843979,0,1,0
712501,2,87,0,13.47653675,0,0,1
593934,0,56,1,13.29452324,0,0,0
89001,11,38,1,11.39640331,0,0,0
220501,1,67,0,12.30365753,0,1,0
70001,0,68,0,11.15626526,0,1,1
177501,5,30,0,12.08673191,0,1,1
165001,1,33,1,12.01370716,0,1,1
270834,1,71,0,12.50926113,0,0,1
110251,0,56,0,11.61051464,0,1,1
470668,6,36,1,13.06190777,0,1,0
475001,0,75,0,13.07107258,0,1,1
99876,11,46,1,11.51168442,0,1,1
161668,3,43,1,11.99330044,0,0,1
366668,2,63,0,12.81221199,0,1,1
350901,9,33,1,12.76825905,0,1,1
242307,11,37,1,12.39796066,0,1,1
131418,0,38,1,11.78613853,0,1,0
128001,5,43,0,11.75979328,0,1,0
175001,6,26,0,12.07254696,0,0,1
891668,0,58,0,13.70084953,0,1,1
600001,3,50,0,13.30468655,0,1,0
442279,11,44,1,12.99969578,0,1,0
275001,5,35,0,12.52453041,0,0,0
236751,5,35,1,12.37476444,1,0,0
186001,11,29,1,12.13350773,1,1,1
130834,9,44,1,11.78168488,0,1,1
135001,5,43,0,11.81303787,0,0,0
805001,4,67,0,13.59859848,0,1,0
266668,11,69,0,12.49376011,0,1,1
358334,2,83,0,12.78922081,1,0,0
350001,5,47,0,12.76569176,0,1,0
583334,0,50,0,13.27651501,0,1,1
333201,14,38,0,12.71650124,1,1,0
196001,3,71,0,12.18587494,1,1,0
240001,5,39,0,12.38839817,0,1,0
10001,9,26,0,9.210440636,0,1,0
469793,5,52,0,13.06004715,1,0,0
548334,11,47,0,13.21463966,1,0,1
375001,11,48,0,12.83468437,1,0,1
237501,11,23,0,12.37792683,1,1,1
207209,9,51,1,12.24148369,1,1,1
560001,11,50,0,13.23569393,1,0,0
350001,3,58,0,12.76569176,1,1,1
455001,3,71,0,13.02805519,0,0,1
275406,3,73,1,12.52600193,1,0,0
63751,5,42,1,11.06274033,0,0,0
193334,5,66,0,12.17217445,0,1,1
29168,11,20,0,10.28082752,1,0,1
537501,1,42,1,13.19468594,1,1,0
330834,9,16,0,12.70937157,0,0,1
504001,3,21,0,13.1303339,1,1,1
490584,14,40,0,13.10335159,0,0,0
97001,3,63,0,11.48247623,0,0,1
12501,5,37,0,9.433564186,1,1,1
380001,5,51,0,12.847929,0,1,0
460001,0,84,0,13.0389843,0,1,1
103334,3,42,0,11.54572201,0,0,1
450001,13,40,0,13.01700497,1,1,1
293626,11,30,1,12.59006214,1,1,1
990001,10,23,0,13.80546093,1,0,1
300001,0,42,0,12.61154079,1,0,0
247501,0,64,0,12.41916943,1,1,1
243001,0,40,1,12.40082073,1,0,1
80501,6,24,0,11.29602528,1,0,1
410001,1,61,0,12.92391491,1,1,1
286945,0,52,1,12.56704617,1,1,0
316668,0,81,0,12.66560936,1,1,1
544668,6,44,0,13.20793152,1,1,1
1,4,28,0,0,1,0,1
324584,10,56,0,12.69029999,1,0,1
600001,11,56,0,13.30468655,1,0,0
1,6,40,0,0,1,1,1
371430,0,61,0,12.82511616,1,1,0
500001,4,57,0,13.122365,1,0,0
896668,16,33,0,13.70644093,1,1,0
188751,0,59,1,12.14818382,1,0,1
401701,8,76,0,12.90346336,1,0,1
80168,3,37,1,11.29187965,0,0,1
143572,0,68,0,11.87459183,0,0,1
217634,5,41,1,12.29057026,0,0,0
425001,6,57,0,12.9598465,0,1,1
215001,11,39,0,12.27839756,0,1,0
250001,8,21,0,12.4292202,0,0,0
45834,0,59,0,10.73278141,0,0,0
216062,5,62,0,12.28332043,0,0,1
402009,16,31,1,12.90423012,0,0,1
138334,11,33,1,11.83742619,0,0,0
289501,2,69,1,12.57591438,0,0,1
175001,2,76,0,12.07254696,0,0,0
195882,5,43,1,12.18526745,0,1,1
240557,6,38,0,12.39071274,0,0,1
120668,5,48,1,11.70079803,0,1,1
142918,0,38,1,11.87002659,0,0,0
42668,0,85,0,10.66120434,0,0,1
50001,3,49,1,10.81979847,0,0,1
125001,12,29,0,11.73607731,1,1,1
12501,5,42,0,9.433564186,1,1,0
115001,7,50,1,11.65269566,1,1,1
161251,12,46,0,11.99071789,1,0,0
88751,0,60,0,11.39358997,0,1,0
89001,3,61,1,11.39640331,0,1,0
252084,0,75,0,12.43751812,0,0,1
163334,5,56,0,12.00355244,0,0,1
158626,3,57,1,11.9743042,0,1,0
160001,5,55,0,11.98293495,0,1,0
197501,3,77,0,12.19349861,0,0,0
231134,5,50,1,12.35075283,0,1,0
525557,9,76,0,13.17221355,0,1,1
93334,3,47,0,11.44394016,0,0,1
600001,9,38,0,13.30468655,0,1,0
162501,5,38,1,11.99843979,0,1,1
251668,4,49,1,12.43586636,0,1,0
100001,4,56,0,11.51293564,1,1,1
618890,8,49,0,13.33568287,1,1,0
394126,5,69,0,12.88442612,1,0,0
180001,11,61,0,12.10071754,1,0,1
284501,5,45,1,12.55849171,1,1,0
395001,14,58,0,12.88664341,1,1,1
491668,0,65,0,13.10555935,1,1,1
275001,11,23,0,12.52453041,1,1,1
150001,16,52,0,11.91839695,1,0,1
1500001,7,45,0,14.22097588,1,0,0
716668,11,32,0,13.48236752,1,0,1
661112,11,38,0,13.40167809,1,0,0
670834,9,65,0,13.41627693,1,1,1
450001,14,57,0,13.01700497,1,1,1
295834,0,58,0,12.59755421,1,0,0
1375001,11,71,0,14.13396549,1,1,1
1300001,16,50,0,14.07787514,1,0,0
100001,11,87,0,11.51293564,1,1,1
444501,16,54,0,13.00470734,1,0,0
181251,16,65,0,12.10763836,1,1,0
605168,16,40,0,13.31326103,1,0,0
980001,8,30,0,13.79530907,1,1,0
975001,13,60,0,13.79019356,1,1,0
142001,14,37,0,11.86358929,1,1,0
305918,13,34,0,12.63107204,1,0,0
500001,11,37,0,13.122365,1,1,1
453152,5,61,0,13.023983,1,1,1
193289,11,54,1,12.17194176,1,1,0
611139,5,74,1,13.32308006,0,1,1
263334,0,61,0,12.48117828,0,1,1
473455,0,59,0,13.06781197,1,0,0
228584,11,25,1,12.33965874,0,1,1
262501,11,29,0,12.47801018,1,1,1
152001,11,56,1,11.93164253,1,1,1
298001,4,62,1,12.60485172,1,1,1
92307,0,68,1,11.43287563,1,0,1
233544,3,73,1,12.36112595,0,1,1
264118,0,57,0,12.48415089,0,0,0
342459,16,48,1,12.74390697,1,1,1
893057,11,42,0,13.70240593,1,1,0
142501,7,49,0,11.86710453,1,1,1
23334,5,38,0,10.05766678,0,1,1
909092,11,31,0,13.72020149,0,1,1
552858,11,24,1,13.22285652,1,1,0
756945,11,56,0,13.53704548,1,1,0
293473,5,66,0,12.58954048,1,1,1
1573168,11,43,0,14.26860237,1,1,1
377862,5,63,0,12.8422842,1,1,1
747607,14,43,0,13.52463245,1,1,1
2249268,13,47,1,14.6261158,1,1,0
266668,14,29,0,12.49376011,1,1,0
1594584,13,54,0,14.28212357,1,1,0
1170834,5,59,0,13.97322655,1,1,0
482001,7,47,0,13.08570194,1,1,1
300001,11,40,0,12.61154079,1,1,0
304376,9,37,1,12.62601948,1,1,1
291093,11,32,0,12.58139801,1,1,0
446668,5,56,0,13.00957108,1,1,1
438851,13,45,0,12.9919157,1,1,1
691668,16,40,0,13.44686127,1,1,0
300793,6,70,1,12.6141777,1,1,0
187501,1,48,0,12.14153957,0,1,1
620001,11,56,0,13.33747673,1,1,0
159501,5,32,1,11.97980595,0,1,0
483334,7,65,0,13.08846283,0,1,0
226001,14,33,0,12.32829475,1,1,0
375901,9,65,0,12.83708096,1,0,0
631557,11,35,0,13.35594368,1,1,0
433334,16,53,0,12.97926426,1,1,0
335715,4,53,1,12.7240181,0,0,0
411815,5,54,0,12.92832947,0,1,0
291708,2,62,0,12.58350849,0,0,0
225001,5,40,0,12.32386017,0,1,0
525901,5,42,0,13.17286873,0,1,0
238751,5,46,1,12.3831768,0,1,0
600001,5,40,0,13.30468655,0,1,0
683643,11,60,0,13.43519115,1,1,0
387501,11,74,0,12.8674736,1,1,0
364426,13,43,0,12.80607891,1,1,0
383334,4,73,0,12.8566618,1,1,0
221284,11,51,0,12.30720234,1,1,0
375901,16,45,0,12.83708096,1,0,0
190418,8,66,0,12.1569767,1,1,1
40279,11,55,0,10.60358524,1,1,1
440001,5,62,0,12.99453259,1,0,0
300001,4,74,0,12.61154079,1,0,0
250001,3,62,0,12.4292202,1,0,0
669101,17,43,0,13.41369057,1,0,0
340351,11,65,0,12.73773289,1,0,0
810668,16,38,0,13.60561371,1,1,0
119001,11,52,0,11.68688679,1,0,1
190001,11,28,0,12.1547842,1,1,1
1616668,19,46,0,14.29587746,1,1,0
81876,0,61,1,11.31296158,1,1,1
190834,3,83,0,12.15915966,1,1,1
293668,2,58,0,12.59020519,0,1,0
74287,0,73,0,11.21569157,0,1,1
247334,0,56,0,12.41849518,0,0,0
248001,8,54,1,12.42118835,0,1,1
96876,4,35,1,11.48118687,0,1,1
350001,1,67,0,12.76569176,0,1,0
117501,11,26,0,11.67420197,0,1,0
329668,0,78,0,12.70584106,0,0,1
2250001,7,56,0,14.626441,1,0,0
311945,11,49,0,12.65058231,1,1,1
1187501,17,54,0,13.98736191,1,1,0
151668,0,67,0,11.92944908,1,0,0
176251,11,46,0,12.07966423,1,1,1
95001,5,55,1,11.46164227,1,0,1
110314,0,63,1,11.61108589,1,1,1
266668,5,85,0,12.49376011,1,0,1
137501,3,44,0,11.83138657,1,1,1
225001,13,56,0,12.32386017,1,1,1
283334,7,56,0,12.55438137,1,0,1
566668,11,44,0,13.24752903,1,1,0
298334,5,53,1,12.60596848,1,1,1
218959,2,48,1,12.29663944,0,0,1
241668,13,23,0,12.39531994,1,0,0
6001,11,39,0,8.699681282,1,1,1
217858,3,69,0,12.29159832,1,1,1
58334,0,78,0,10.97394085,0,1,1
413890,4,72,0,12.93335533,0,1,1
531906,2,58,0,13.18422222,0,1,1
446763,0,61,1,13.00978374,1,1,1
266668,7,53,0,12.49376011,0,1,1
215418,13,58,0,12.28033543,1,1,0
500001,13,58,0,13.122365,1,1,0
392365,11,38,0,12.87994766,1,1,0
164268,5,44,1,12.00925446,1,1,1
150001,0,56,0,11.91839695,1,1,1
250001,8,44,0,12.4292202,1,1,0
520072,9,76,0,13.16172218,1,1,1
72501,1,40,1,11.19135571,1,1,1
225001,0,84,0,12.32386017,1,1,1
366668,14,26,0,12.81221199,1,1,1
270001,8,52,0,12.50618076,1,1,0
229401,2,61,0,12.34322643,1,1,1
502668,16,32,0,13.12768555,1,1,0
2208334,16,48,0,14.60774899,1,1,0
356251,4,64,0,12.783391,1,0,0
121787,2,49,1,11.71002865,1,1,1
450001,4,83,0,13.01700497,1,1,1
151876,0,49,0,11.93081951,1,1,1
600001,4,65,0,13.30468655,1,0,0
376564,7,34,0,12.83884335,1,0,0
1080279,2,75,0,13.89272976,1,0,0
283334,11,51,0,12.55438137,1,0,1
66668,11,42,0,11.10748005,1,0,1
55001,0,43,0,10.91510677,0,1,0
102501,5,41,0,11.53762817,0,1,1
51251,5,63,0,10.84449005,0,1,1
112501,4,63,0,11.63071728,0,1,1
266668,13,44,0,12.49376011,0,1,0
259445,7,52,0,12.46630001,0,1,1
135001,13,34,0,11.81303787,0,1,1
62501,9,35,0,11.04293823,0,1,1
1056834,5,76,0,13.87078857,0,0,1
108834,9,62,0,11.597579,0,0,1
137501,0,42,0,11.83138657,0,1,0
66001,6,44,0,11.09742546,0,1,0
50701,9,34,1,10.83370113,0,1,0
324168,5,67,0,12.6890173,0,0,1
223001,0,48,1,12.31493187,0,1,1
194043,0,78,1,12.17583466,0,1,1
104168,3,51,0,11.55376053,0,0,1
325001,1,79,0,12.69158363,0,0,1
84001,0,84,0,11.33858395,0,1,0
700001,11,37,0,13.45883751,0,1,0
673018,11,51,1,13.41952705,0,1,0
101401,3,40,1,11.5268383,0,1,1
53334,5,43,0,10.88432884,0,0,1
436001,5,52,0,12.9854002,0,1,0
10001,4,32,0,9.210440636,0,0,1
499584,11,33,1,13.12153149,0,1,1
156668,11,28,0,11.9618845,0,1,1
38126,3,48,1,10.5486517,0,1,0
122779,2,63,1,11.71814156,0,1,1
260001,0,83,0,12.46844101,0,1,1
163890,1,54,1,12.00695038,0,1,1
43334,0,32,1,10.67669296,0,1,1
111334,0,37,1,11.6202898,0,1,1
98334,2,50,1,11.49612522,0,1,1
158890,11,31,1,11.97596741,0,0,0
162001,0,40,1,11.99535751,0,1,1
487728,5,45,1,13.0975132,0,1,0
185834,11,53,0,12.13260937,1,0,0
90834,11,39,1,11.41678905,1,1,1
358126,8,61,1,12.78864002,0,1,1
153334,5,47,0,11.94037342,1,0,0
275001,11,26,0,12.52453041,1,0,0
370001,5,58,0,12.82126141,1,0,1
215001,5,30,0,12.27839756,1,1,1
280334,5,43,1,12.54373741,1,1,1
195001,9,40,0,12.18076038,1,0,1
265637,11,54,1,12.48988628,1,0,0
104001,9,63,0,11.55215549,1,1,1
153001,11,32,1,11.9382,1,0,1
158334,5,60,1,11.9724617,0,0,0
66668,0,56,0,11.10748005,0,1,1
177572,2,44,0,12.0871315,0,1,0
162501,4,47,0,11.99843979,0,1,1
76168,5,29,1,11.24069691,0,0,1
115001,10,22,0,11.65269566,0,1,1
120001,0,67,0,11.69525528,0,1,1
86668,11,35,0,11.36983967,0,1,0
1417501,11,24,0,14.16440582,0,1,0
112501,11,54,0,11.63071728,0,1,1
432501,9,27,0,12.97733974,0,1,1
78334,11,39,1,11.26873684,0,1,0
417668,3,69,0,12.94244194,1,1,1
800022,8,64,0,13.59239483,1,1,0
266668,12,29,0,12.49376011,1,1,0
533612,4,35,0,13.18742466,1,1,0
121668,6,31,0,11.70905113,1,1,1
243501,3,36,0,12.4028759,1,1,1
120001,2,29,1,11.69525528,1,0,1
116501,5,52,1,11.66565514,0,1,1
370001,3,78,0,12.82126141,0,0,1
64584,5,55,0,11.07572174,0,1,1
92215,4,40,1,11.43187809,0,1,0
441112,14,45,0,12.9970541,0,1,0
700001,6,46,0,13.45883751,0,0,0
193334,0,66,0,12.17217445,0,0,1
456668,4,73,0,13.03171158,0,0,0
265001,11,26,0,12.48748875,0,1,1
120001,3,66,0,11.69525528,0,0,1
370834,4,53,0,12.82351017,0,0,0
435001,5,93,0,12.98310375,0,1,0
357223,8,39,1,12.78611565,0,1,1
468751,11,51,1,13.057827,0,1,0
91534,11,34,1,11.42446613,0,0,0
337501,4,42,1,12.72932339,0,0,0
700001,11,21,0,13.45883751,1,1,1
294376,4,38,1,12.59261322,1,1,0
1515001,11,58,0,14.23092651,1,1,0
91484,0,64,1,11.42391968,1,1,0
149168,1,37,1,11.91282845,1,1,0
301112,0,54,0,12.61523724,1,0,1
411926,14,30,1,12.92859936,1,1,0
233334,8,55,0,12.36022663,1,0,0
423334,0,75,0,12.9559164,1,0,0
497191,12,52,0,13.11672974,1,0,0
233334,7,64,0,12.36022663,1,1,0
1483334,9,71,0,14.20980263,1,0,0
404001,11,48,0,12.90917301,1,1,0
167501,0,60,0,12.0287447,0,0,1
224001,0,84,0,12.31940556,0,1,1
1200001,4,47,0,13.99783325,0,1,0
650001,4,59,0,13.38472939,0,1,1
718612,2,44,1,13.4850769,0,1,0
195834,5,40,1,12.18502235,0,1,1
275715,3,47,1,12.52712345,1,0,0
21251,0,46,0,9.964159012,1,0,1
1450001,3,76,0,14.18707466,1,1,0
623501,5,51,0,13.34310532,1,1,0
131251,0,68,0,11.78486633,1,1,1
350001,11,40,0,12.76569176,1,0,0
66001,10,32,0,11.09742546,1,0,0
276668,0,57,1,12.53057384,1,1,0
483376,5,27,1,13.08855057,1,1,0
383334,11,26,0,12.8566618,1,1,0
12501,8,20,0,9.433564186,1,0,1
356668,2,32,0,12.7845602,1,0,1
565001,11,29,1,13.24458313,1,0,0
4158334,5,43,0,15.24062538,1,1,0
20000000,5,56,0,16.81124306,0,0,1
272501,6,39,0,12.51539803,0,1,0
181251,0,57,0,12.10763836,0,0,1
400001,2,50,0,12.89922237,0,1,1
130001,2,60,0,11.77529716,0,1,1
564168,5,66,0,13.2431078,0,1,0
857001,0,44,0,13.6611948,0,1,0
438334,5,43,1,12.99073601,0,0,1
719334,8,49,1,13.48608112,0,0,0
305468,0,51,1,12.62960052,0,1,0
121251,0,39,0,11.7056179,0,1,1
1401112,17,62,0,14.15277672,1,0,0
66001,8,38,0,11.09742546,0,1,1
214001,6,34,1,12.273736,0,1,1
323834,7,32,1,12.68798637,0,1,1
75001,0,58,0,11.22525692,0,0,0
650001,0,51,0,13.38472939,0,1,1
241557,7,24,0,12.39486122,0,1,1
183334,0,57,0,12.11906528,0,1,1
352501,5,29,1,12.77280903,1,0,1
299168,5,26,0,12.60876083,1,1,1
246668,5,41,1,12.41579819,0,1,1
630557,9,67,0,13.35435867,1,0,0
868334,11,31,1,13.67433167,1,1,1
2000001,13,53,0,14.50865841,1,0,0
144287,5,45,0,11.87955952,0,1,0
170001,11,24,0,12.04356003,1,1,0
2495001,14,46,0,14.72979927,1,1,0
1170001,14,47,0,13.97251511,1,1,0
275001,13,43,0,12.52453041,1,0,1
1400001,6,44,0,14.15198326,1,1,1
300001,11,38,0,12.61154079,1,1,0
108334,0,69,0,11.59297466,1,0,1
511501,11,26,1,13.14510441,1,1,1
200001,9,31,0,12.20607758,1,1,1
183751,5,27,1,12.12133694,1,1,1
575001,14,53,0,13.26212692,1,0,1
290001,5,28,0,12.57763958,1,1,1
192501,7,36,1,12.16785622,1,1,0
100001,0,51,0,11.51293564,1,1,1
500001,7,51,0,13.122365,1,1,0
241251,6,44,0,12.39359283,1,0,1
270314,9,37,0,12.50733948,1,1,0
308543,4,51,0,12.63961697,0,1,1
764504,10,46,0,13.54698277,1,0,1
609723,11,29,0,13.32075977,1,1,0
2353668,0,50,0,14.6714859,1,0,1
241668,4,60,0,12.39531994,1,0,1
200239,13,51,0,12.20726681,1,0,0
173334,11,41,1,12.06297588,1,0,1
232144,4,59,1,12.35511303,1,1,1
1515418,13,31,1,14.23120213,1,1,1
118334,0,81,0,11.68126678,1,1,1
468701,16,36,1,13.05772018,1,0,0
305001,8,58,0,12.62806988,1,0,1
377284,13,37,1,12.84075356,1,1,1
345001,9,49,0,12.75130272,1,1,1
260418,2,76,0,12.47004318,0,0,1
613334,0,43,0,13.32666492,0,1,1
333334,3,65,0,12.71689987,0,1,1
199168,3,70,0,12.2019043,0,1,1
550001,5,32,0,13.21767521,0,1,1
105418,9,32,0,11.56568909,1,0,1
1315001,16,27,1,14.08934784,1,0,1
250001,8,16,0,12.4292202,1,0,1
600001,2,36,0,13.30468655,0,1,1
112293,8,43,1,11.62886715,0,1,1
126668,0,80,0,11.7493248,0,0,1
127501,5,28,1,11.7558794,0,1,1
180607,5,43,1,12.10407829,0,1,1
260591,11,39,1,12.47070694,0,1,1
1454668,4,44,1,14.19028854,0,1,1
307501,11,35,1,12.63623333,0,1,1
143751,10,28,0,11.87583828,1,1,0
250001,11,19,0,12.4292202,1,0,0
518034,3,50,0,13.15779591,1,1,0
477584,5,64,0,13.07649517,1,1,0
816126,16,36,0,13.61232376,1,1,0
37501,16,25,0,10.53212261,1,0,0
861779,18,61,0,13.66675377,1,0,0
3450001,16,62,0,15.05388546,1,1,0
78126,5,46,1,11.266078,0,1,0
597918,11,48,0,13.3012085,1,1,0
962501,11,61,0,13.77729034,1,1,0
391668,16,70,0,12.87817001,1,1,0
600001,9,51,0,13.30468655,1,1,0
677890,15,22,0,13.42674065,1,0,0
234168,16,38,0,12.36379433,1,1,0
266668,16,39,0,12.49376011,1,1,0
412501,5,54,0,12.92999363,1,0,0
1441668,13,75,0,14.18131161,1,0,0
567501,16,48,0,13.24899769,1,1,0
1058334,1,67,0,13.87220669,1,0,0
200001,11,41,0,12.20607758,1,0,1
1275001,14,76,0,14.05845737,1,0,1
80001,0,87,0,11.28979397,0,0,1
191668,0,94,1,12.16351986,0,1,0
125001,3,66,0,11.73607731,0,1,1
178751,0,76,0,12.09374905,0,0,1
106251,4,51,1,11.57355976,0,1,1
180001,5,41,1,12.10071754,0,1,0
230834,4,55,1,12.34945393,0,1,0
116668,0,58,0,11.66708755,0,1,1
200001,8,32,0,12.20607758,0,1,1
208751,11,37,1,12.24889755,0,1,0
90001,5,67,0,11.40757561,0,1,1
44445,5,49,1,10.70200729,0,0,1
109584,0,69,0,11.60444641,0,0,1
450001,0,41,0,13.01700497,0,1,1
46668,0,78,0,10.75081444,0,1,1
111668,0,76,0,11.62328529,0,1,1
100001,8,24,0,11.51293564,0,0,1
115626,5,36,1,11.65811634,0,1,1
336668,11,78,0,12.72685242,0,1,1
11251,6,25,0,9.328212738,0,1,1
193334,0,94,0,12.17217445,0,0,1
150001,5,58,0,11.91839695,0,1,1
86334,0,33,1,11.36597919,0,0,1
400001,11,33,0,12.89922237,0,1,1
285834,5,55,0,12.56316662,0,1,0
164293,9,32,1,12.00940704,0,1,1
297501,0,45,0,12.60317326,0,1,1
117501,5,61,0,11.67420197,0,1,1
132001,0,76,0,11.79056454,0,1,1
133584,6,45,1,11.80248547,0,1,1
130834,0,59,1,11.78168488,0,1,1
194168,5,39,1,12.17647934,0,1,1
200001,6,46,0,12.20607758,0,1,1
73334,4,67,0,11.20277977,0,1,1
180001,0,66,1,12.10071754,0,0,1
144376,0,88,1,11.88017654,0,1,1
155001,9,37,1,11.95118713,0,1,1
285001,5,68,0,12.56024837,0,1,1
97918,0,79,0,11.49188614,0,1,1
96401,0,75,1,11.47627163,0,1,1
1838445,18,55,0,14.42443085,0,1,1
926668,3,62,0,13.73935032,0,0,0
142001,7,28,1,11.86358929,0,1,1
402501,0,74,0,12.90545273,0,1,1
183334,9,28,0,12.11906528,0,1,1
105001,1,38,1,11.56172562,0,1,1
21668,5,73,0,9.983592033,0,0,1
1206445,16,46,0,14.00318813,0,1,1
120456,0,48,1,11.69903946,0,0,0
112501,4,34,0,11.63071728,0,1,1
296001,9,49,0,12.59811783,1,1,0
400001,11,23,0,12.89922237,1,1,0
450001,11,45,0,13.01700497,1,0,0
506173,5,36,0,13.13463402,1,1,0
896834,11,41,0,13.70662594,1,1,1
150001,11,39,0,11.91839695,1,0,1
584445,0,89,0,13.27841759,1,1,0
916668,16,50,0,13.72850037,1,1,0
250001,3,45,0,12.4292202,1,1,0
421834,9,43,0,12.95236683,1,1,1
220001,11,51,0,12.30138779,0,0,0
1127168,13,39,0,13.93521881,0,1,1
266668,5,55,0,12.49376011,1,1,0
400001,0,51,0,12.89922237,1,1,1
543355,11,51,0,13.20551777,1,1,0
1223268,13,46,0,14.01703644,1,1,0
257501,3,81,1,12.45877934,1,0,1
359568,11,25,0,12.79265881,1,1,0
180430,11,40,1,12.10309792,0,1,1
482918,5,73,0,13.08760262,1,0,1
849368,5,46,0,13.65224743,1,1,1
526668,4,74,0,13.17432594,1,1,1
425001,11,25,0,12.9598465,0,1,0
206668,11,36,1,12.23886871,0,1,0
154319,3,60,1,11.94677734,0,0,1
203520,2,66,1,12.22351933,0,1,1
74168,5,42,0,11.21408844,1,0,1
100001,11,22,0,11.51293564,1,1,0
2200001,18,62,0,14.60396862,1,1,0
471351,16,47,0,13.06335831,1,1,0
140668,2,83,1,11.85415745,1,0,1
426876,7,59,1,12.96424866,1,1,1
259618,11,28,0,12.46696663,1,1,0
32501,5,30,1,10.38902569,1,0,0
105001,3,36,1,11.56172562,0,1,1
350001,5,22,0,12.76569176,0,1,0
100001,0,62,0,11.51293564,0,1,1
500001,5,44,0,13.122365,0,1,0
407501,0,76,0,12.917799,0,1,1
750001,5,48,0,13.52783012,0,1,0
186668,8,30,0,12.13708687,0,1,1
1127701,16,35,0,13.93569183,0,1,0
180001,7,53,0,12.10071754,1,0,1
860001,15,30,0,13.66468906,1,1,0
43612,0,47,1,10.68308735,0,1,1
297239,0,45,0,12.60229206,0,0,0
89445,8,42,0,11.40137959,0,1,1
195834,0,49,0,12.18502235,0,0,1
455001,0,86,0,13.02805519,0,1,1
75001,5,25,0,11.22525692,0,1,1
84001,7,24,0,11.33858395,0,1,1
866668,6,65,0,13.67241096,1,0,0
560001,11,57,0,13.23569393,1,1,1
69989,3,57,0,11.1560936,1,0,1
317801,11,40,0,12.66918087,1,1,1
750001,16,66,0,13.52783012,1,0,0
178572,5,94,0,12.09274673,1,1,0
117001,4,77,0,11.66993809,1,0,1
208334,4,96,0,12.2468977,1,0,1
447434,12,36,0,13.01128387,1,1,1
102715,0,66,0,11.53971386,1,1,1
300001,16,51,0,12.61154079,1,1,0
129168,12,36,0,11.7688694,1,0,1
103334,5,65,1,11.54572201,0,1,1
257501,11,28,0,12.45877934,0,1,1
135001,3,53,0,11.81303787,0,1,1
99287,0,66,0,11.50576973,0,0,1
116001,5,35,0,11.66135406,0,0,1
950001,11,46,0,13.76421833,1,0,1
132858,8,50,0,11.79703617,0,1,0
435557,5,66,0,12.98438072,1,0,1
53239,5,54,1,10.88254642,0,0,0
84168,11,30,1,11.34057045,0,1,1
130001,7,35,0,11.77529716,0,1,1
196001,11,46,1,12.18587494,0,1,0
224001,0,57,0,12.31940556,0,0,0
289801,1,61,1,12.57695007,0,0,1
275239,1,50,1,12.52539539,0,1,1
236668,0,72,1,12.37441349,0,1,1
521501,11,55,0,13.16446686,1,0,0
655890,6,48,0,13.39374828,1,1,1
113001,0,66,1,11.63515186,0,0,0
185314,3,46,1,12.12980652,0,0,1
212501,3,63,0,12.2667017,0,1,1
229668,11,23,0,12.34438992,1,1,1
108334,11,32,0,11.59297466,0,1,1
433772,6,41,0,12.9802742,1,1,0
248557,9,58,0,12.42342758,1,1,1
494751,11,45,0,13.11180973,1,1,0
297397,14,34,0,12.60282326,1,1,0
170001,3,58,0,12.04356003,0,1,1
50001,2,75,0,10.81979847,0,1,0
66668,5,58,0,11.10748005,0,0,1
266668,2,75,0,12.49376011,0,1,1
173334,7,54,0,12.06297588,0,1,1
640001,0,50,0,13.36922455,0,1,1
71668,7,28,0,11.17980003,0,1,1
60001,3,69,0,11.0021162,0,1,1
189168,8,26,1,12.15039063,0,1,0
65953,3,46,1,11.09669781,0,1,1
220001,11,30,1,12.30138779,0,0,0
320168,8,73,1,12.67660141,0,1,0
300834,5,60,0,12.61431408,0,1,0
60001,3,76,0,11.0021162,0,1,1
205001,11,30,0,12.23077011,0,1,0
151251,0,50,1,11.92669582,0,1,1
247501,2,71,0,12.41916943,0,0,1
162668,4,37,1,11.9994669,0,1,0
46876,3,53,1,10.75526142,0,1,0
193001,5,67,0,12.17045021,0,1,0
380001,2,61,0,12.847929,0,1,0
136251,1,34,0,11.82225418,0,1,1
262501,3,79,0,12.47801018,1,0,1
192001,12,22,0,12.16525555,1,0,0
558751,5,73,0,13.23345947,1,1,0
850001,3,69,1,13.6529932,1,1,0
384664,5,71,0,12.86012554,1,1,0
141668,9,46,0,11.86124134,1,1,0
1190375,11,56,0,13.98977852,1,1,0
246486,6,52,0,12.41506004,0,1,0
964168,12,60,0,13.77902126,1,0,0
310001,0,64,0,12.64433098,0,1,1
103334,0,73,0,11.54572201,0,0,1
122001,4,61,0,11.71178436,0,1,1
203890,11,33,1,12.22533607,0,1,0
27382,0,69,1,10.21764088,0,0,1
64287,0,66,0,11.07111263,0,1,1
464728,11,44,0,13.04920769,1,1,0
125557,12,32,1,11.74051476,1,0,0
130001,1,37,1,11.77529716,0,1,1
181834,2,48,1,12.11084938,0,1,1
57501,0,47,0,10.95955753,0,1,0
226572,0,54,1,12.33081818,0,1,0
154001,7,49,0,11.94471455,0,1,1
95001,4,45,1,11.46164227,0,1,1
110001,5,36,1,11.6082449,0,1,1
37501,3,74,0,10.53212261,0,1,1
266668,11,31,0,12.49376011,0,1,0
38959,0,59,0,10.57026482,0,1,1
70001,2,54,1,11.15626526,0,1,1
305001,4,45,0,12.62806988,0,1,0
108334,0,69,0,11.59297466,0,0,1
123334,0,74,1,11.72265148,0,1,1
241668,11,32,0,12.39531994,0,1,0
83334,14,30,0,11.33061218,0,1,0
200001,5,53,0,12.20607758,0,1,1
800001,0,47,0,13.59236813,0,0,0
196668,0,79,0,12.18927193,0,1,1
113453,7,30,1,11.63914394,0,1,0
275001,1,61,0,12.52453041,0,1,1
125001,7,40,0,11.73607731,0,0,0
206668,11,22,1,12.23886871,0,1,0
95001,5,51,0,11.46164227,0,1,1
45715,4,65,0,10.73018169,0,0,1
250001,0,80,0,12.4292202,0,1,1
148334,8,50,0,11.90722179,0,1,0
450001,11,44,0,13.01700497,0,1,0
787501,2,52,0,13.5766201,0,1,1
5955001,11,46,0,15.59974194,0,1,1
205001,1,66,0,12.23077011,0,1,0
642501,4,33,1,13.37312412,0,1,0
57144,2,63,0,10.95333004,0,1,1
129001,0,43,1,11.76757526,0,1,1
180626,2,55,1,12.10418415,0,1,0
243334,8,23,1,12.40219021,0,0,0
1150001,5,66,0,13.95527363,0,1,0
226251,2,39,1,12.32940006,0,1,1
225001,3,39,1,12.32386017,0,1,1
493751,4,41,1,13.10978699,0,0,1
850001,1,34,0,13.6529932,0,1,1
215001,7,34,0,12.27839756,0,1,1
1583334,6,23,0,14.27504349,0,1,0
305001,0,49,1,12.62806988,0,1,1
958334,5,45,0,13.77295208,0,1,1
337501,8,29,0,12.72932339,0,1,1
350001,4,32,1,12.76569176,0,1,0
535001,5,25,0,13.19002342,0,1,0
222501,3,31,0,12.31268692,0,1,1
313730,11,56,0,12.65628815,1,1,1
166668,0,41,0,12.02375889,0,1,1
219376,7,55,0,12.29854202,0,1,1
2506334,14,34,0,14.73433208,0,1,1
237501,5,69,0,12.37792683,0,0,1
220168,11,31,0,12.30214596,0,1,0
253890,13,36,0,12.44465637,0,0,1
4750001,14,46,0,15.37365532,0,1,1
520001,5,32,0,13.16158581,0,1,1
376297,5,43,0,12.83813381,1,1,1
1222501,11,42,0,14.01640892,1,0,0
108612,5,70,1,11.59553719,0,1,1
136934,0,66,1,11.8272543,0,0,1
172501,5,62,1,12.05815792,0,1,1
139168,0,64,0,11.84343719,0,1,1
134584,0,90,0,11.80994415,0,0,1
172501,3,37,1,12.05815792,0,1,1
203001,2,46,0,12.22096634,0,1,1
87501,4,43,0,11.37940598,0,1,1
112501,5,46,0,11.63071728,0,1,1
476668,4,46,0,13.07457542,0,1,1
41668,5,46,0,10.63748837,0,1,1
246876,10,34,1,12.41664124,0,1,1
88572,2,69,1,11.39157104,0,0,1
127668,3,50,1,11.7571888,0,1,1
275001,8,30,0,12.52453041,0,1,0
103126,5,38,1,11.54370689,0,1,1
150001,0,28,0,11.91839695,0,1,1
96001,3,33,1,11.47211361,0,1,1
80834,5,44,0,11.30015278,0,0,1
175001,11,35,1,12.07254696,0,1,1
203334,5,31,1,12.22260475,0,1,1
305001,0,69,0,12.62806988,0,1,1
197501,0,63,1,12.19349861,0,1,1
218126,0,58,1,12.29282856,0,1,1
121001,9,17,1,11.70355415,0,1,1
199168,4,44,1,12.2019043,0,1,1
211251,0,43,0,12.26080227,0,0,1
180001,3,38,0,12.10071754,0,1,1
372501,10,16,1,12.8279953,0,1,1
329445,0,77,0,12.70516491,0,1,1
103501,11,36,1,11.54733658,0,1,1
86001,0,66,0,11.36211395,0,1,1
77439,0,65,1,11.25724602,0,0,1
1327701,16,36,0,14.09895897,1,1,0
3500001,11,63,0,15.06827354,1,1,0
2766668,21,53,0,14.83315468,1,1,0
3895834,19,73,0,15.1754179,1,1,0
4915626,21,64,0,15.40792942,1,1,0
350001,13,29,0,12.76569176,1,1,0
333334,5,57,0,12.71689987,0,1,0
135001,5,55,1,11.81303787,0,0,0
260647,0,64,0,12.47092247,0,1,1
196251,11,33,1,12.18715,0,0,0
750001,5,53,0,13.52783012,0,1,1
179168,5,33,0,12.09607887,0,0,0
170557,9,21,1,12.04682446,0,0,0
150001,0,50,0,11.91839695,0,1,1
259751,3,41,1,12.46747875,0,1,1
196876,11,30,0,12.19032955,0,1,0
95001,0,43,1,11.46164227,0,0,1
534445,0,71,0,13.18898392,1,0,0
1500001,16,48,0,14.22097588,1,0,0
1,11,26,0,0,0,1,1
66668,11,18,0,11.10748005,0,0,0
642644,1,47,1,13.37334633,1,1,0
489584,13,27,0,13.10131168,1,1,1
800001,11,32,0,13.59236813,1,1,0
757501,4,86,0,13.53777981,1,0,1
141807,5,66,0,11.86222267,0,1,0
76251,0,62,0,11.241786,0,1,1
25001,4,31,1,10.12667084,0,1,1
146001,7,36,0,11.89136887,0,1,1
170001,0,48,0,12.04356003,0,1,1
95001,3,76,0,11.46164227,0,0,1
70001,0,72,0,11.15626526,0,1,1
91668,4,84,0,11.42592907,0,0,0
79546,3,41,0,11.284091,0,0,0
195834,4,74,0,12.18502235,0,0,1
82168,9,25,1,11.31652164,0,1,0
224168,5,66,0,12.32015133,0,0,0
390001,6,49,0,12.87390423,0,1,0
134418,7,21,0,11.8087101,0,0,1
167334,5,34,1,12.02774715,0,0,0
580652,11,42,0,13.27190685,1,1,0
1005626,14,51,0,13.82112122,1,0,0
218334,16,31,0,12.29378128,1,1,0
241631,7,39,1,12.39516735,1,0,0
934668,11,65,0,13.74794674,1,1,0
139168,0,86,0,11.84343719,1,1,1
176668,5,63,1,12.08202744,1,1,1
191558,11,49,0,12.16294575,1,1,1
78334,2,48,0,11.26873684,1,1,0
142966,11,49,1,11.87036228,1,1,0
210001,11,49,0,12.25486755,1,1,0
266668,2,55,0,12.49376011,1,1,0
927223,14,69,0,13.73994923,1,1,0
130001,0,53,0,11.77529716,1,1,1
1248334,11,25,0,14.03732014,1,1,0
415001,4,51,0,12.93603611,1,0,1
183001,7,25,1,12.11724663,0,1,1
235001,5,42,0,12.36734486,0,1,0
485001,14,55,0,13.09190655,0,1,1
182001,4,42,1,12.11176777,0,1,1
268334,0,71,0,12.4999876,1,1,1
218334,0,76,0,12.29378128,1,1,1
150001,1,39,0,11.91839695,0,1,1
190001,0,50,0,12.1547842,0,1,0
375001,0,60,0,12.83468437,0,1,1
321818,11,32,1,12.68174171,1,1,0
181001,5,56,0,12.10625744,1,0,0
216668,5,48,0,12.28612137,1,1,1
241430,8,42,1,12.39433479,1,0,0
557781,11,44,0,13.23172188,1,1,0
52501,0,63,0,10.86858749,1,0,1
751543,11,52,0,13.52988338,1,1,1
620001,11,49,0,13.33747673,1,1,0
202501,5,41,0,12.21850014,0,1,1
426668,0,33,0,12.96376133,0,1,1
109418,1,60,1,11.60293102,0,1,1
62501,4,68,0,11.04293823,1,0,0
202223,5,54,0,12.21712589,1,1,1
62501,0,80,0,11.04293823,1,0,0
766709,11,60,0,13.54986286,1,1,0
164168,8,59,0,12.00864601,1,0,1
123751,3,49,1,11.72602654,1,0,1
99168,11,30,1,11.50457096,1,0,1
916668,14,60,0,13.72850037,1,0,0
193751,7,53,0,12.1743288,1,0,1
790001,0,67,0,13.57978916,1,1,1
630376,9,62,0,13.35407162,1,1,0
216668,8,47,0,12.28612137,1,1,1
320001,4,57,1,12.67607975,0,1,1
240001,2,41,1,12.38839817,1,1,0
260001,0,66,0,12.46844101,0,1,1
214908,3,53,0,12.27796555,1,0,1
1233334,0,66,0,14.02523136,1,1,1
310001,5,38,0,12.64433098,0,1,1
266668,6,35,0,12.49376011,0,1,0
84001,6,51,1,11.33858395,1,1,1
281668,0,72,0,12.5484848,1,1,1
158334,5,85,0,11.9724617,1,0,1
1075001,1,76,0,13.88783169,0,1,1
311668,0,71,0,12.64969349,0,1,0
400001,12,22,0,12.89922237,1,0,1
366668,5,63,0,12.81221199,1,0,1
400001,14,28,0,12.89922237,0,1,1
220001,5,53,0,12.30138779,1,1,1
407668,5,62,0,12.91820812,1,1,0
525001,1,70,0,13.17115498,0,1,1
525001,3,74,0,13.17115498,0,1,1
158401,7,34,1,11.97288513,0,1,0
65001,0,78,1,11.08215809,1,0,1
2260001,11,69,0,14.63087559,1,1,1
248890,11,24,0,12.42476654,0,1,0
194001,11,33,1,12.17561817,1,1,1
325001,0,52,0,12.69158363,0,1,0
445001,11,55,0,13.00583172,1,1,0
187001,6,20,0,12.13886929,0,1,0
302001,0,57,0,12.618186,0,1,1
800001,2,67,0,13.59236813,0,0,1
808723,14,49,0,13.6032114,0,1,0
432001,11,49,0,12.97618294,0,1,1
347834,0,78,1,12.75948048,0,0,1
330001,5,24,1,12.70685101,0,1,0
277501,0,81,0,12.53357983,0,0,0
185637,11,51,1,12.13154888,0,0,0
224376,13,37,0,12.3210783,0,1,0
316001,11,27,1,12.66350079,0,1,1
1180001,11,86,0,13.9810257,0,1,0
100001,11,24,0,11.51293564,0,1,0
286480,11,47,1,12.56542397,0,1,0
288392,11,31,0,12.57207584,0,1,0
450001,0,88,0,13.01700497,0,0,0
78334,14,29,0,11.26873684,0,0,1
95001,11,27,1,11.46164227,0,1,1
218751,4,41,0,12.29568958,0,1,1
355001,5,80,0,12.77987576,0,0,1
400834,11,53,0,12.90130234,0,1,1
270001,11,49,1,12.50618076,0,1,1
365001,5,74,0,12.80765533,0,1,1
402501,6,69,0,12.90545273,0,0,1
1666668,16,38,0,14.32633686,0,1,0
1662001,11,62,0,14.32353306,0,1,0
595834,11,29,0,13.29771709,1,1,0
311834,1,68,1,12.65022659,0,1,0
124945,3,54,0,11.73562908,0,1,1
425001,0,64,0,12.9598465,1,1,0
76668,3,56,0,11.24724007,0,0,0
487501,11,36,0,13.09704781,1,1,1
275001,3,27,0,12.52453041,1,1,1
350001,1,50,0,12.76569176,0,1,1
189168,0,55,0,12.15039063,0,0,1
83501,1,28,0,11.33261395,0,1,0
155001,5,51,0,11.95118713,0,0,1
571430,0,44,0,13.25589752,0,1,1
241668,0,71,0,12.39531994,0,1,1
354445,0,89,0,12.77830887,0,0,1
125001,6,36,0,11.73607731,0,1,1
291112,5,18,0,12.58146381,1,1,0
406728,0,58,0,12.91590023,1,1,0
1045827,7,55,0,13.86031818,1,0,1
356001,5,48,0,12.78268909,1,1,1
386392,11,45,0,12.86460781,1,1,0
264166,11,33,1,12.48433304,1,1,1
2000001,9,42,0,14.50865841,1,0,0
400001,11,64,0,12.89922237,1,1,0
1050001,5,73,0,13.86430168,1,0,0
780557,0,62,0,13.56776333,1,0,1
816668,4,64,0,13.61298752,1,0,0
215279,4,68,1,12.27968979,1,0,0
263751,11,46,1,12.48276043,0,1,1
1300001,16,55,0,14.07787514,0,1,0
587501,8,58,0,13.28363323,1,1,0
2866668,5,72,0,14.86866093,0,1,0
425668,11,51,0,12.96141529,0,0,1
413855,7,57,0,12.93327141,0,1,0
555719,7,52,0,13.22801781,0,1,0
2000001,11,48,0,14.50865841,0,1,0
234001,11,44,0,12.36308098,0,0,0
1873334,20,44,0,14.44323063,0,1,1
220001,0,75,0,12.30138779,0,1,1
366625,8,57,0,12.81209469,0,1,0
356959,11,38,1,12.78537655,0,1,0
489445,7,44,1,13.10102749,0,0,1
432501,9,46,1,12.97733974,0,1,0
229834,11,22,0,12.3451128,0,0,0
282918,0,79,1,12.55291271,0,1,1
283334,11,52,0,12.55438137,0,1,0
1000001,8,60,0,13.8155117,0,0,0
219626,11,33,1,12.29968166,0,1,0
160251,5,39,1,11.98449707,0,1,0
433751,8,39,1,12.98022556,0,0,1
184853,11,55,1,12.12731647,0,1,0
176251,11,39,1,12.07966423,0,1,0
213751,2,51,0,12.2725668,0,1,1
471692,5,50,1,13.06408119,0,1,1
123668,11,27,1,11.7253561,0,1,0
414293,11,30,1,12.93432903,0,1,0
186001,2,53,0,12.13350773,0,1,0
350001,5,38,0,12.76569176,0,1,1
1200001,7,37,0,13.99783325,0,1,0
491251,8,41,0,13.10471058,0,1,0
147501,0,64,1,11.90159035,0,1,1
136668,3,43,1,11.82530975,0,1,0
151390,5,31,0,11.92761421,0,1,1
236001,11,41,1,12.37159157,0,0,0
171251,4,42,0,12.0508852,0,1,1
170626,5,40,1,12.04722977,0,0,1
153612,0,70,1,11.9421854,0,0,1
233334,6,44,0,12.36022663,0,0,0
208801,0,56,1,12.24913692,0,1,1
246906,5,44,0,12.41676331,0,0,1
217918,7,44,1,12.29187393,0,1,0
1242788,5,47,0,14.03286743,1,1,0
242918,3,32,1,12.40047932,0,0,0
261390,9,45,1,12.47376919,0,0,0
340001,0,82,0,12.73670387,0,0,1
221355,2,57,0,12.30752277,0,0,1
149168,0,76,0,11.91282845,0,1,1
188334,2,32,1,12.14597225,0,1,0
236251,0,45,0,12.37265015,0,1,0
30001,1,30,0,10.30898571,0,1,1
524168,5,50,0,13.16956711,0,1,1
254287,0,64,0,12.44621849,0,0,1
131668,11,35,1,11.78803921,0,1,1
492501,5,76,0,13.10725212,0,1,1
800001,5,43,0,13.59236813,0,1,0
712223,5,49,0,13.4761467,0,1,1
266668,12,22,0,12.49376011,0,0,1
170634,11,48,1,12.0472765,0,0,1
215001,5,76,0,12.27839756,0,1,1
129445,12,37,1,11.77101135,0,1,0
200001,8,33,0,12.20607758,0,1,1
286463,11,35,0,12.56536484,0,1,1
390765,6,57,1,12.87586117,0,0,1
469728,14,29,0,13.05990887,0,0,1
431668,11,57,0,12.97541237,0,0,1
259168,13,29,0,12.4652319,0,1,1
6795834,14,52,0,15.73182011,0,1,0
660001,14,37,0,13.39999676,1,0,0
245251,11,36,0,12.41003704,0,1,0
103334,5,35,1,11.54572201,0,0,1
280626,5,48,0,12.54477787,0,1,1
201201,9,28,0,12.21205997,0,1,0
471876,1,56,0,13.06447124,0,1,1
118751,11,54,0,11.68478394,0,0,0
396001,5,39,1,12.8891716,0,1,0
412501,16,38,0,12.92999363,0,1,0
520001,13,42,0,13.16158581,0,0,1
940168,0,45,0,13.75381374,0,1,0
122501,0,72,0,11.71587467,0,1,1
249584,4,51,0,12.42755127,0,1,0
165001,11,27,0,12.01370716,0,1,1
514584,2,37,0,13.15111446,0,1,0
608751,5,42,0,13.31916428,0,1,0
154001,1,40,0,11.94471455,0,1,1
5040001,16,47,0,15.43291664,1,1,1
13466668,16,48,0,16.41572762,1,0,0
779001,16,45,0,13.56576729,1,0,1
396668,0,69,0,12.89085484,0,1,1
274376,4,42,1,12.52225494,0,1,1
600001,4,69,0,13.30468655,0,1,1
525001,5,75,0,13.17115498,0,1,1
169001,7,33,1,12.03765965,0,1,1
383334,4,35,0,12.8566618,0,1,1
900001,3,66,0,13.71015072,0,1,1
362134,4,45,1,12.7997694,0,1,1
66668,5,52,0,11.10748005,0,1,1
1866334,5,45,0,14.4394865,0,1,1
235418,11,22,0,12.36911774,0,0,1
113334,5,41,0,11.6380949,0,1,1
100001,3,21,0,11.51293564,0,1,1
304168,4,45,0,12.62533569,0,1,1
333334,6,29,0,12.71689987,0,1,1
664445,0,65,0,13.40670776,0,1,1
201043,7,34,1,12.21127415,0,0,0
313334,0,77,0,12.65502453,0,1,1
162263,0,72,0,11.99697399,0,1,1
118751,4,79,1,11.68478394,0,0,0
117501,11,39,0,11.67420197,0,1,1
300001,0,58,0,12.61154079,0,1,1
77668,2,76,1,11.26019859,0,1,0
225001,5,47,1,12.32386017,0,1,1
87084,11,37,1,11.37462807,0,0,0
350001,11,53,0,12.76569176,0,1,0
416668,18,43,1,12.94004536,0,1,0
333334,0,64,0,12.71689987,0,1,1
71001,0,72,0,11.17044926,0,1,0
93890,3,83,1,11.44987869,0,1,0
739584,11,48,0,13.51384354,0,1,0
177779,5,76,0,12.08829689,0,0,0
179980,5,34,1,12.1006012,0,1,0
84001,2,59,1,11.33858395,0,0,0
43057,11,19,0,10.67028046,0,1,0
495953,4,64,1,13.11423683,0,1,0
80001,0,37,0,11.28979397,0,1,0
725001,11,48,0,13.49392796,0,1,0
380001,5,52,0,12.847929,0,1,0
137001,11,44,1,11.82774353,0,1,1
135626,5,40,1,11.81765652,0,1,0
200001,0,66,0,12.20607758,0,1,1
983334,11,34,0,13.79870415,0,1,0
100001,5,42,0,11.51293564,0,1,0
61876,3,63,1,11.03288746,0,1,0
275001,11,44,0,12.52453041,0,1,1
118334,0,51,1,11.68126678,0,1,1
568751,10,19,1,13.25119781,0,1,1
121112,5,49,0,11.70447063,0,1,1
3044168,17,57,0,14.92873859,0,0,0
550001,5,40,0,13.21767521,0,1,0
250279,0,82,0,12.43033123,0,1,1
190001,0,64,0,12.1547842,0,1,1
3300001,17,71,0,15.00943375,0,1,1
162501,3,64,0,11.99843979,0,1,1
266668,7,73,0,12.49376011,0,1,0
525001,17,53,0,13.17115498,0,1,1
175001,11,41,0,12.07254696,1,1,0
65834,7,22,0,11.09489155,1,1,1
127779,5,68,0,11.75805759,1,0,1
120001,0,68,0,11.69525528,1,1,1
140001,11,38,0,11.84940529,1,1,0
350001,5,61,0,12.76569176,1,1,0
256251,11,63,1,12.45391273,1,1,0
101001,10,25,0,11.52288532,1,1,1
211251,9,74,0,12.26080227,1,1,0
193334,5,63,0,12.17217445,1,1,1
66668,11,39,0,11.10748005,1,0,1
25001,12,21,0,10.12667084,1,0,1
211223,11,34,1,12.26066971,1,1,1
350001,9,42,0,12.76569176,1,1,0
309751,6,39,0,12.64352417,1,0,0
311668,13,41,0,12.64969349,1,0,1
173001,8,53,0,12.06105232,1,0,0
200001,11,25,0,12.20607758,1,1,0
557501,11,46,1,13.23121929,1,0,0
670096,18,48,0,13.41517639,1,1,0
467501,8,37,1,13.05515671,1,0,0
233334,5,33,0,12.36022663,1,1,0
222223,5,58,0,12.31143665,1,1,0
528668,1,76,0,13.17811584,1,0,0
1485334,11,46,0,14.21115017,1,0,0
69168,2,36,0,11.14429379,1,1,1
50001,5,57,0,10.81979847,1,0,0
425001,0,70,0,12.9598465,0,1,1
100001,3,56,0,11.51293564,0,1,0
250001,16,50,0,12.4292202,1,1,0
76876,9,43,0,11.24994946,0,1,0
1350001,15,44,0,14.11561584,0,0,0
117501,8,31,0,11.67420197,1,1,1
121251,8,26,1,11.7056179,1,0,0
154168,0,70,1,11.94579792,1,0,1
97834,7,33,1,11.49102783,0,1,0
185001,9,34,0,12.12811661,1,1,1
511751,11,35,1,13.14559364,0,1,1
16668,11,37,0,9.721245766,0,1,1
200001,11,36,0,12.20607758,0,1,0
325001,4,59,0,12.69158363,0,1,0
150001,5,61,0,11.91839695,0,1,1
150001,5,76,0,11.91839695,0,1,0
800001,3,74,0,13.59236813,0,1,1
160001,6,59,0,11.98293495,0,1,0
58797,4,64,1,10.98184586,0,1,0
31819,5,54,0,10.36781883,0,0,1
255001,9,49,1,12.44902229,0,1,1
197501,16,34,0,12.19349861,1,0,0
540001,6,46,0,13.19932652,1,1,0
105418,6,37,1,11.56568909,1,0,1
1106876,5,61,1,13.91705227,0,1,0
366668,11,56,0,12.81221199,1,1,0
240001,1,57,0,12.38839817,0,0,0
78001,5,61,0,11.26447678,0,1,1
59287,2,59,1,10.99014568,0,1,0
1695001,16,48,0,14.34319401,1,1,0
550001,4,65,0,13.21767521,1,1,0
925001,15,59,0,13.73754978,1,0,0
1500001,13,60,0,14.22097588,1,1,0
806851,11,42,0,13.60089397,1,1,0
325001,7,65,0,12.69158363,1,1,1
1025001,11,51,0,13.84020424,1,1,1
1579445,23,36,0,14.27258396,1,1,0
1050001,4,76,0,13.86430168,1,1,0
1600001,16,25,0,14.28551483,1,1,0
1040001,17,68,0,13.85473251,1,1,0
350001,16,74,0,12.76569176,1,0,0
1826668,16,35,0,14.41800404,1,1,0
1933334,16,47,0,14.47475624,1,1,0
2188890,17,63,0,14.59890556,1,1,0
225001,5,65,0,12.32386017,1,0,1
1875001,16,47,0,14.44411945,1,1,0
315001,11,26,1,12.66033077,1,1,0
991668,11,73,0,13.80714321,1,1,0
460834,5,64,0,13.04079342,1,1,1
350001,15,52,0,12.76569176,1,0,0
233334,5,48,0,12.36022663,1,0,0
112501,3,80,0,11.63071728,1,0,0
3754168,16,62,0,15.13837719,1,0,0
116668,11,75,0,11.66708755,1,1,0
850001,11,49,0,13.6529932,1,1,0
75001,0,68,0,11.22525692,0,0,1
48334,4,55,0,10.78589058,0,1,0
146668,0,57,1,11.89592648,0,0,1
177779,3,53,0,12.08829689,0,1,1
203001,4,37,1,12.22096634,0,1,0
53930,11,39,1,10.89544201,0,1,0
77301,5,30,1,11.25546265,0,1,0
300001,0,59,0,12.61154079,0,1,1
316668,9,29,0,12.66560936,1,1,0
180001,11,40,1,12.10071754,0,1,1
222501,0,63,0,12.31268692,0,1,0
133334,2,47,1,11.80061245,0,1,1
433334,0,62,0,12.97926426,0,1,0
212501,5,75,0,12.2667017,0,0,1
698334,5,63,0,13.45645237,0,1,0
95001,11,25,0,11.46164227,0,1,1
283334,3,66,0,12.55438137,0,0,1
96390,0,50,1,11.47615814,0,1,0
52144,5,48,0,10.86176395,0,0,0
615445,13,27,0,13.33010101,1,0,0
950001,13,25,0,13.76421833,0,0,0
2286676,15,23,0,14.6426096,1,0,0
300001,8,26,0,12.61154079,0,1,0
164834,0,76,0,12.01269436,0,1,0
146668,5,24,1,11.89592648,0,0,1
511251,11,36,0,13.14461613,1,1,1
312501,13,52,0,12.65236282,1,0,1
204168,13,23,0,12.22669888,1,1,0
150834,0,59,0,11.92393494,1,0,1
249001,2,30,1,12.42521191,1,1,1
190418,11,50,0,12.1569767,0,0,0
116079,11,35,0,11.66202641,0,1,1
62084,6,51,1,11.03624344,0,0,0
111001,11,39,0,11.61729431,0,1,0
3050001,5,80,0,14.93065262,1,0,1
216668,8,33,1,12.28612137,1,1,1
2038834,13,55,0,14.5278883,1,0,0
2433980,11,43,0,14.70503807,0,1,1
200001,2,56,0,12.20607758,0,1,1
550001,3,62,0,13.21767521,0,1,1
71668,9,65,0,11.17980003,0,1,1
630001,0,56,0,13.35347652,0,1,1
450001,9,23,0,13.01700497,0,1,1
155557,0,69,0,11.95476723,0,1,0
250001,5,56,0,12.4292202,1,0,0
608057,11,38,0,13.31802368,1,1,1
1835001,11,71,0,14.42255592,1,0,0
317501,2,65,0,12.66823578,0,1,1
300001,2,38,0,12.61154079,0,1,1
875001,0,41,0,13.68198013,0,1,1
740001,0,62,0,13.51440716,0,1,0
533334,3,52,0,13.186903,0,1,1
485834,11,52,0,13.09362221,0,1,1
1033334,0,66,0,13.84830093,0,1,0
1200001,11,33,0,13.99783325,0,1,1
856390,4,69,0,13.66048145,0,1,1
343134,7,33,1,12.74587631,0,1,1
208543,2,75,0,12.24790096,0,1,1
112001,0,59,0,11.62626266,0,1,1
1040001,4,35,0,13.85473251,0,1,1
92751,0,72,0,11.43767357,0,1,1
12000001,14,58,0,16.30041695,1,1,0
350001,11,53,0,12.76569176,0,1,1
151390,0,64,1,11.92761421,0,1,1
101251,5,43,1,11.5253582,0,1,1
390001,3,71,0,12.87390423,0,1,0
150001,2,56,0,11.91839695,0,1,1
72223,5,48,1,11.18751431,0,1,1
108612,0,51,0,11.59553719,0,1,1
73334,9,22,0,11.20277977,0,1,1
102084,7,44,1,11.53355122,0,1,1
194168,4,75,0,12.17647934,0,1,1
82223,2,47,0,11.31719017,0,1,1
132501,7,44,1,11.79434586,0,1,1
137293,5,71,1,11.82987213,0,1,1
203334,5,47,1,12.22260475,0,1,1
124763,3,55,1,11.73417091,0,1,0
241112,11,23,1,12.39301682,0,1,1
87001,8,34,1,11.37367535,0,1,1
78334,0,89,0,11.26873684,0,1,1
53855,4,41,1,10.8940506,0,1,1
146112,5,46,1,11.89212894,0,1,1
174445,5,75,0,12.06936455,0,1,1
1080001,7,44,1,13.89247227,0,1,1
240001,3,61,0,12.38839817,0,1,1
213245,5,53,1,12.27019691,0,1,1
245001,9,40,0,12.40901756,0,1,1
165001,3,92,0,12.01370716,0,1,1
136001,0,59,1,11.8204174,0,1,1
220880,0,38,1,12.3053751,0,1,1
79168,5,34,0,11.27932739,0,1,1
275001,0,59,0,12.52453041,0,1,1
140001,3,56,0,11.84940529,0,1,1
182501,4,82,0,12.11451054,0,0,1
222501,0,42,1,12.31268692,0,1,1
908328,14,53,0,13.71936035,0,1,1
394692,14,41,1,12.8858614,0,1,1
177144,0,83,1,12.0847187,0,1,1
1666668,11,69,0,14.32633686,1,0,0
2708334,16,47,0,14.81184387,1,1,0
7736112,18,50,0,15.86141014,1,1,0
7850001,11,71,0,15.87602425,1,1,0
1020715,16,47,0,13.83601379,1,1,0
9631251,16,32,0,16.08052444,1,0,0
271541,16,32,0,12.51186848,1,1,0
551939,17,57,0,13.22119236,1,1,0
345058,11,50,0,12.7514677,1,1,0
280001,11,36,0,12.54254818,1,0,0
530001,7,51,0,13.1806345,1,0,1
1250001,9,49,0,14.03865528,1,0,0
190001,12,37,1,12.1547842,1,0,0
190001,11,22,0,12.1547842,0,0,0
235001,0,49,0,12.36734486,0,1,1
253334,0,48,0,12.44246387,0,1,0
137834,5,34,1,11.83380508,0,1,0
300001,5,39,0,12.61154079,0,1,0
292001,5,49,1,12.58451271,0,1,0
1000001,6,41,0,13.8155117,1,0,0
166001,0,62,0,12.01974869,1,1,1
1500001,6,65,0,14.22097588,1,1,1
1,16,59,0,0,1,0,1
1058334,11,20,0,13.87220669,1,0,1
600001,16,61,0,13.30468655,1,1,0
1016668,11,31,0,13.83204079,1,1,0
106668,16,39,0,11.5774765,1,0,0
547098,11,48,1,13.21238327,1,1,1
342001,8,57,0,12.74256897,1,0,1
1325001,14,37,0,14.09692383,1,1,1
220001,0,35,0,12.30138779,0,1,1
173001,7,28,1,12.06105232,0,1,1
400001,11,22,0,12.89922237,1,1,0
173501,2,41,1,12.06393909,1,1,1
545557,12,33,0,13.2095623,1,0,1
97084,2,41,1,11.48333168,0,1,1
271368,11,29,1,12.51123142,0,1,0
210001,5,44,0,12.25486755,0,1,1
247501,0,60,1,12.41916943,0,1,1
333334,8,43,0,12.71689987,0,1,0
263334,8,27,1,12.48117828,0,1,1
228334,4,69,0,12.33856487,0,1,0
193001,3,51,1,12.17045021,0,1,1
142501,5,54,0,11.86710453,0,1,1
201234,11,28,1,12.21222401,0,1,1
1400001,0,75,0,14.15198326,0,1,0
393334,0,65,0,12.88241482,1,0,1
874709,11,42,1,13.68164635,1,1,1
186668,0,73,0,12.13708687,1,1,1
243126,5,68,0,12.40133476,1,0,1
57144,5,32,0,10.95333004,1,1,1
278751,7,72,0,12.53807449,1,0,0
320001,4,60,0,12.67607975,1,0,0
1181001,12,23,0,13.98187256,1,1,1
366001,9,53,0,12.81039143,1,0,0
300001,0,42,0,12.61154079,1,0,1
345001,13,32,0,12.75130272,1,1,0
400001,6,50,0,12.89922237,1,1,1
649584,11,39,1,13.38408756,1,0,1
102072,14,27,1,11.53343391,1,0,1
550001,0,58,0,13.21767521,1,1,0
337501,13,36,0,12.72932339,1,1,0
412501,11,48,0,12.92999363,1,1,0
240001,11,34,1,12.38839817,1,1,1
93334,8,32,0,11.44394016,1,1,0
66668,11,21,0,11.10748005,1,0,1
700001,5,30,0,13.45883751,0,1,1
950001,13,34,0,13.76421833,1,1,1
158334,10,21,0,11.9724617,1,0,1
925001,7,53,0,13.73754978,1,1,0
977201,17,55,0,13.79244804,1,1,0
918001,5,53,0,13.72995377,1,0,0
509445,14,26,0,13.14107704,1,1,0
600001,5,43,0,13.30468655,1,1,1
800001,4,34,0,13.59236813,1,1,0
250001,5,39,0,12.4292202,1,0,1
220001,4,53,0,12.30138779,1,0,1
1370001,4,56,0,14.13032246,1,1,0
725001,13,24,0,13.49392796,1,0,0
333334,6,42,0,12.71689987,1,1,1
1200001,8,60,0,13.99783325,1,0,0
3300001,17,30,0,15.00943375,1,0,0
600001,18,59,0,13.30468655,1,0,0
1400001,5,43,0,14.15198326,0,1,0
700001,6,75,0,13.45883751,1,1,1
2098334,11,22,0,14.55665398,0,1,0
706668,1,65,0,13.46831608,1,0,1
941668,11,18,0,13.75540829,1,1,0
243751,8,49,1,12.40390205,0,1,1
108930,0,67,1,11.59846115,1,1,0
553751,13,47,0,13.22447014,1,0,1
357501,6,36,0,12.78689384,0,1,1
300001,3,52,0,12.61154079,0,1,1
214626,8,28,0,12.27665234,0,0,1
488334,12,50,0,13.09875488,1,1,1
550001,11,49,0,13.21767521,1,0,1
191668,7,31,1,12.16351986,1,0,1
575401,13,30,0,13.26282215,1,1,0
2030001,5,44,0,14.52354717,1,1,0
257501,0,56,0,12.45877934,0,1,1
990001,8,45,0,13.80546093,0,1,1
184001,6,32,0,12.12269688,0,1,1
26200000,0,83,0,17.08127022,0,1,1
80001,5,46,0,11.28979397,0,1,0
299001,3,41,0,12.60820198,0,1,1
140668,3,63,0,11.85415745,0,0,0
660001,0,72,0,13.39999676,0,0,0
800001,6,41,0,13.59236813,0,1,0
650001,11,36,0,13.38472939,0,1,1
800001,5,54,0,13.59236813,0,1,0
500001,0,67,0,13.122365,0,1,0
404584,5,61,0,12.91061497,1,0,1
700001,11,58,0,13.45883751,1,0,1
424001,18,59,0,12.95749092,1,0,1
718622,5,81,0,13.48509121,1,1,0
240501,3,50,1,12.39047909,0,1,0
1050001,13,35,0,13.86430168,1,0,0
29668,6,44,1,10.29782391,0,1,0
191668,1,76,1,12.16351986,0,0,0
1,13,34,0,0,1,0,0
1,13,29,0,0,1,0,0
530001,2,47,0,13.1806345,1,1,0
400001,16,71,0,12.89922237,1,1,0
700001,11,27,0,13.45883751,1,0,0
243057,12,65,0,12.40105152,1,0,0
213751,11,50,1,12.2725668,1,1,0
437501,2,72,0,12.98883438,0,0,1
1066668,13,52,0,13.88005066,1,1,0
170001,1,32,0,12.04356003,1,1,0
400001,13,45,0,12.89922237,1,0,0
203751,7,37,1,12.2246542,1,1,0
204640,13,41,1,12.22900772,0,1,0
347223,11,66,0,12.75772285,0,0,0
52501,0,45,1,10.86858749,0,1,0
93334,0,86,0,11.44394016,0,0,1
225001,15,33,0,12.32386017,0,1,0
150001,0,65,0,11.91839695,0,1,0
150001,0,64,0,11.91839695,0,0,1
87959,5,38,0,11.38462639,1,1,0
120001,11,35,0,11.69525528,1,1,0
160001,7,55,0,11.98293495,0,1,0
307918,11,48,0,12.6375885,0,1,0
100001,5,58,0,11.51293564,0,1,0
325001,0,42,0,12.69158363,1,1,0
70557,0,41,0,11.16417599,1,0,0
74584,0,43,0,11.21968174,1,0,0
1,6,36,0,0,1,1,1
125001,0,60,0,11.73607731,1,1,1
74501,7,28,1,11.21856785,1,0,0
122501,11,30,1,11.71587467,0,1,0
68001,11,55,0,11.12727737,0,0,1
87501,0,91,0,11.37940598,0,1,1
190534,8,48,1,12.1575861,0,1,0
167501,4,38,1,12.0287447,0,1,0
162501,3,66,0,11.99843979,0,1,1
195834,7,65,1,12.18502235,0,0,0
118001,4,56,0,11.67844868,0,1,0
311876,5,60,0,12.65036106,0,0,1
285001,6,56,0,12.56024837,0,0,1
102501,1,61,1,11.53762817,0,1,0
112501,11,52,0,11.63071728,0,1,1
700001,3,43,0,13.45883751,0,1,0
60001,6,43,0,11.0021162,0,1,0
450001,5,63,0,13.01700497,1,1,1
325001,5,61,0,12.69158363,1,1,0
313334,3,68,0,12.65502453,1,0,1
175501,8,24,1,12.07540035,1,0,0
255001,8,62,0,12.44902229,1,0,1
1025001,4,67,0,13.84020424,1,1,1
439557,0,73,0,12.99352264,1,0,1
350001,9,25,0,12.76569176,1,1,0
190626,4,42,1,12.15806866,1,0,1
327307,14,33,0,12.69865417,1,1,1
368401,6,60,1,12.81692696,1,0,1
515334,9,39,0,13.15257072,1,1,1
639890,7,53,0,13.36905193,1,0,1
121001,7,24,1,11.70355415,0,1,1
151876,7,46,1,11.93081951,0,1,1
122144,5,43,1,11.71295643,0,1,1
496668,0,63,0,13.11567688,0,1,1
209251,4,37,1,12.25128937,0,1,1
444584,0,69,1,13.00489426,0,1,0
363445,5,48,0,12.80338287,0,1,0
165601,0,38,1,12.01733685,0,1,0
141668,3,40,1,11.86124134,0,0,1
106418,6,46,1,11.57513046,0,0,1
365001,0,84,0,12.80765533,0,0,1
113430,3,39,1,11.63894081,0,1,1
113439,0,44,1,11.63902092,0,1,1
332501,4,37,1,12.71439838,0,1,0
201668,2,39,1,12.21437836,0,1,1
115001,6,32,1,11.65269566,0,1,1
163334,6,37,1,12.00355244,0,1,0
221787,4,69,0,12.30947304,0,1,1
233334,5,46,0,12.36022663,0,1,1
252779,0,82,0,12.44027042,1,0,1
195001,13,31,1,12.18076038,1,1,1
212223,11,34,1,12.26539326,1,0,1
171390,0,58,1,12.05169678,1,0,1
280001,11,39,0,12.54254818,0,0,1
680112,16,37,1,13.4300127,0,1,0
91408,3,43,1,11.42308807,0,0,1
300001,0,59,0,12.61154079,0,0,1
400001,0,37,0,12.89922237,0,0,1
131251,0,60,1,11.78486633,0,1,0
183293,14,37,0,12.11884117,1,1,1
272543,5,52,1,12.51555157,0,1,1
250001,11,43,0,12.4292202,0,1,0
194626,13,28,1,12.17883492,0,0,0
134723,2,57,1,11.81097603,0,0,0
175001,5,48,0,12.07254696,0,1,0
91168,0,72,1,11.42045879,0,1,1
87501,11,35,1,11.37940598,0,1,0
464834,9,46,0,13.04943562,1,1,0
515001,13,51,0,13.15192413,1,1,1
50001,13,50,0,10.81979847,1,1,0
900001,9,56,0,13.71015072,1,1,0
683334,11,70,0,13.43473911,1,0,0
148001,12,31,0,11.90497398,1,1,1
421068,13,49,0,12.95055008,1,0,0
100001,0,90,0,11.51293564,0,0,1
1,16,36,0,0,0,1,0
429001,14,52,0,12.96921444,0,0,1
575001,0,70,0,13.26212692,0,1,1
124763,0,60,1,11.73417091,0,1,1
315001,0,68,0,12.66033077,0,0,1
349068,0,81,0,12.76302242,0,0,1
127501,0,83,0,11.7558794,0,1,0
142334,5,80,0,11.86593151,0,1,1
295001,0,85,0,12.59473419,1,0,1
190668,2,38,1,12.15828896,0,1,1
159168,0,46,1,11.97771549,0,1,1
100834,2,63,1,11.5212307,0,0,1
160834,0,34,1,11.98812771,1,1,1
263161,14,25,0,12.4805212,1,1,0
70834,5,51,1,11.16809464,1,1,1
222501,3,29,1,12.31268692,0,1,1
766668,14,76,0,13.54980946,1,1,0
4122001,5,63,0,15.23184967,1,1,0
800001,10,52,0,13.59236813,1,1,0
350001,8,33,0,12.76569176,1,1,0
372723,13,40,0,12.82859039,1,0,0
185001,4,38,0,12.12811661,1,1,0
745834,21,62,0,13.52225876,1,1,0
107834,6,50,1,11.58834839,1,1,1
221668,5,78,0,12.30893612,1,0,0
53334,5,41,0,10.88432884,1,1,1
99584,5,33,1,11.50875664,1,0,1
400001,3,62,0,12.89922237,0,1,0
266668,5,33,0,12.49376011,0,1,0
323334,0,87,0,12.68644142,0,1,1
163168,3,39,1,12.00253582,0,1,1
116430,0,68,1,11.66504574,0,1,1
40001,0,77,0,10.59665966,0,1,1
470834,5,63,0,13.06226063,0,1,1
235001,2,26,0,12.36734486,0,1,1
137084,1,60,1,11.82834911,0,1,1
127501,7,23,1,11.7558794,0,0,0
927834,14,61,0,13.74060822,1,1,0
800001,15,31,0,13.59236813,1,0,1
100001,8,64,0,11.51293564,1,1,0
2500001,11,57,0,14.73180199,1,1,0
550001,5,61,0,13.21767521,1,1,1
747779,5,79,0,13.52486229,1,1,1
270001,5,79,0,12.50618076,1,1,1
650584,12,47,0,13.38562584,1,1,0
917068,0,82,0,13.72893715,1,1,0
133251,5,44,1,11.7999897,0,1,1
446251,16,37,0,13.00863647,0,1,0
271251,11,35,1,12.51079941,0,1,1
315001,0,57,0,12.66033077,0,1,1
250557,4,33,1,12.43144131,0,1,1
197501,2,64,0,12.19349861,0,0,1
135834,3,57,1,11.81918907,0,1,0
338334,11,47,1,12.73178864,0,1,1
355001,2,54,1,12.77987576,0,0,1
204001,5,34,1,12.22588062,0,0,0
211001,4,30,1,12.25961781,0,1,1
157144,3,32,0,11.96491814,0,1,0
298751,4,33,0,12.60736561,0,1,1
283334,2,72,0,12.55438137,0,0,1
205001,5,60,0,12.23077011,0,1,1
300001,5,56,0,12.61154079,0,1,0
2183334,14,27,0,14.59636402,0,1,1
612501,5,68,0,13.32530594,0,1,1
1200001,5,50,0,13.99783325,0,1,1
600001,11,32,0,13.30468655,1,1,1
31251,8,41,0,10.34980679,1,1,1
91807,0,55,1,11.4274435,0,0,0
60501,0,85,1,11.01041508,0,0,1
102084,7,32,1,11.53355122,0,0,0
101001,4,30,1,11.52288532,0,0,1
122084,3,35,1,11.71246433,0,0,1
71168,6,39,1,11.17279816,0,1,1
100001,0,66,1,11.51293564,0,0,1
174168,3,60,1,12.06777573,0,1,1
70001,0,44,0,11.15626526,1,0,1
145834,0,71,0,11.89022446,1,1,1
1616668,15,59,0,14.29587746,1,0,0
176668,12,53,0,12.08202744,1,0,1
33543,5,41,0,10.42058372,0,0,1
216668,0,28,0,12.28612137,0,1,1
782293,16,38,0,13.56998444,1,1,0
906112,0,58,1,13.71691799,0,1,0
172223,4,50,1,12.05654526,0,0,1
159287,11,54,1,11.97846317,1,1,0
167918,9,36,1,12.03123093,1,1,0
3928084,4,76,1,15.18366241,0,0,1
86001,0,35,0,11.36211395,1,1,1
384201,5,51,1,12.85892105,0,1,0
219376,6,54,0,12.29854202,0,1,0
195001,5,31,0,12.18076038,0,1,1
631251,14,48,0,13.35545921,1,1,0
279691,5,52,0,12.54144096,1,1,1
314287,5,52,0,12.65806198,1,1,0
133334,1,62,0,11.80061245,1,0,0
233334,2,62,0,12.36022663,1,0,0
225001,11,20,0,12.32386017,1,1,0
60001,11,22,0,11.0021162,1,0,0
424168,6,41,0,12.95788479,0,1,1
218890,0,58,1,12.29632473,1,0,1
180001,14,44,0,12.10071754,1,0,1
512759,14,37,0,13.14756107,1,0,0
154001,0,76,0,11.94471455,1,0,1
1003473,13,44,0,13.81897736,1,0,1
1059334,13,52,0,13.87315083,1,1,1
558418,5,61,0,13.23286343,1,0,1
904141,11,59,0,13.71474075,1,0,1
303334,0,80,0,12.62259007,0,0,1
270215,11,39,1,12.50697327,0,1,1
195001,8,48,0,12.18076038,0,1,0
1034168,2,50,0,13.84910774,0,1,0
1445001,11,25,0,14.18362045,0,1,1
425001,11,22,0,12.9598465,1,1,1
67501,0,63,0,11.11989784,0,0,0
107918,9,55,0,11.58912659,1,0,1
141668,0,59,0,11.86124134,1,0,1
326801,5,46,0,12.69710636,1,1,1
176668,6,55,0,12.08202744,1,1,0
1348334,14,66,0,14.11437988,1,1,1
167501,11,43,0,12.0287447,1,0,0
406001,0,79,0,12.91411114,1,0,1
145001,5,45,1,11.88449574,1,1,1
125668,8,33,1,11.74139881,0,1,0
350001,9,19,0,12.76569176,0,1,0
780001,5,52,0,13.56705093,0,0,0
231668,11,45,1,12.35306072,0,1,1
577709,16,33,0,13.26682568,1,1,1
182084,9,28,1,12.11222363,0,1,0
344168,11,51,0,12.74888515,1,1,1
108126,5,55,0,11.59105206,0,1,0
694728,8,74,0,13.45127583,1,0,0
3729168,19,54,0,15.13169575,1,1,0
8000001,16,60,0,15.89495182,1,0,0
2000001,16,54,0,14.50865841,1,1,0
316823,11,42,0,12.66609859,1,0,1
68626,4,56,1,11.13642693,1,1,1
273534,11,45,0,12.51918125,0,0,0
95001,11,25,1,11.46164227,0,1,1
65268,7,34,1,11.08625698,0,1,1
216668,3,57,0,12.28612137,0,1,1
300647,3,73,1,12.61369228,0,1,1
606001,13,38,0,13.31463718,1,1,0
164041,9,35,0,12.00787163,1,0,0
188584,14,59,0,12.14729881,1,0,0
1194284,17,45,0,13.99305725,0,0,0
487084,13,41,1,13.09619141,0,0,0
279672,7,57,1,12.5413723,1,0,0
283334,5,79,0,12.55438137,1,1,0
111668,11,26,1,11.62328529,0,1,1
999189,14,30,0,13.81469917,1,1,1
1816668,16,69,0,14.41251469,1,1,0
86668,4,78,0,11.36983967,0,0,1
137501,0,69,0,11.83138657,0,1,0
283334,0,67,0,12.55438137,0,1,1
180001,5,39,0,12.10071754,0,0,1
262501,7,67,0,12.47801018,0,1,0
50001,0,63,0,10.81979847,1,1,0
1,3,37,0,0,0,0,1
14287,4,41,0,9.567105293,0,0,1
693751,7,53,1,13.4498682,0,1,0
281001,11,54,0,12.54611397,1,1,0
161876,5,46,1,11.99458599,0,1,1
501751,0,52,1,13.12585926,0,1,1
589572,0,57,1,13.28715229,0,0,1
655371,16,65,0,13.39295673,1,0,0
237501,11,29,1,12.37792683,1,1,1
300001,5,59,0,12.61154079,1,1,1
128751,2,76,1,11.76563549,1,0,0
1388890,0,52,0,14.14401531,0,1,0
33334,11,20,0,10.41433334,0,1,0
90001,8,61,0,11.40757561,0,1,1
400001,5,20,0,12.89922237,0,1,1
201876,5,44,1,12.21540928,0,0,1
261251,5,62,1,12.47323704,0,1,0
279501,3,59,1,12.54076099,0,1,0
410001,0,86,0,12.92391491,0,0,1
998612,11,35,0,13.81412125,1,1,0
473591,16,56,0,13.06809902,1,1,0
403001,5,40,0,12.90669441,0,0,0
85418,5,70,0,11.35531235,1,1,1
1458334,16,53,0,14.19280529,1,1,0
157501,2,32,1,11.96718693,1,0,0
100834,0,73,0,11.5212307,0,1,1
142501,9,28,1,11.86710453,0,0,0
150001,4,27,0,11.91839695,1,1,0
329350,11,31,1,12.70487595,0,0,0
79049,2,59,1,11.27782345,0,1,1
1452501,16,55,0,14.188797,1,0,1
300001,0,68,0,12.61154079,0,1,1
238057,1,76,1,12.38026524,0,0,1
434723,0,50,0,12.98246479,0,0,1
233334,6,24,0,12.36022663,0,1,1
128334,0,46,1,11.76239109,0,1,1
2814287,17,38,0,14.85021973,1,1,0
12501,3,82,0,9.433564186,0,1,1
300001,5,53,0,12.61154079,1,0,1
260001,5,77,0,12.46844101,0,1,1
